Stop No,NaPTAN,Latitude,Longitude,,
00101,891085000101,54.14761003,-4.48579205,,
00102,891085000102,54.14829532,-4.47701803,,
00104,891085000104,54.14829532,-4.47701803,,
00108,891085000108,54.14988836,-4.47717415,,
00109,891085000109,54.14820652,-4.48205335,,
00110,891085000110,54.14800016,-4.48417791,,
00111,891085000111,54.14952541,-4.48993874,,
00112,891085000112,54.15012248,-4.49418845,,
00113,891085000113,54.15167871,-4.49911023,,
00114,891085000114,54.15475762,-4.50115339,,
00115,891085000115,54.149222,-4.477004,,
00117,891085000117,54.15274684,-4.47837338,,
00118,891085000118,54.15499342,-4.47840031,,
00119,891085000119,54.15842245,-4.47610654,,
00120,891085000120,54.16026905,-4.47441984,,
00121,891085000121,54.16275925,-4.47095728,,
00122,891085000122,54.16474855,-4.46769522,,
00123,891085000123,54.16611469,-4.46522262,,
00124,891085000124,54.16701181,-4.46085758,,
00125,891085000125,54.15859503,-4.47979895,,
00126,891085000126,54.16102294,-4.48212098,,
00127,891085000127,54.16453583,-4.4837227,,
00128,891085000128,54.14863819,-4.48058054,,
00129,891085000129,54.15025876,-4.48107583,,
00130,891085000130,54.15188888,-4.4834448,,
00131,891085000131,54.15430445,-4.48481923,,
00132,891085000132,54.15673189,-4.48586216,,
00133,891085000133,54.15788381,-4.48666158,,
00134,891085000134,54.16058351,-4.48530728,,
00135,891085000135,54.16267873,-4.48353314,,
00136,891085000136,54.1510257,-4.48714484,,
00137,891085000137,54.15179136,-4.48957705,,
00138,891085000138,54.15520135,-4.48803786,,
00139,891085000139,54.15610012,-4.48931884,,
00140,891085000140,54.15577662,-4.49213227,,
00141,891085000141,54.15530003,-4.49391405,,
00142,891085000142,54.15509004,-4.4961211,,
00143,891085000143,54.15495303,-4.49956613,,
00144,891085000144,54.15587286,-4.49654763,,
00145,891085000145,54.15648235,-4.49411567,,
00148,891085000148,54.15053793,-4.48377724,,
00149,891085000149,54.15868006,-4.48879334,,
00150,891085000150,54.15375043,-4.48724732,,
00151,891085000151,54.1586366,-4.47896324,,
00152,891085000152,54.16033607,-4.47749979,,
00153,891085000153,54.1605555,-4.4824375,,
00154,891085000154,54.16160644,-4.481041,,
00155,891085000155,54.1626766,-4.4791687,,
00156,891085000156,54.16300007,-4.47605737,,
00157,891085000157,54.16401947,-4.47425385,,
00158,891085000158,54.16452187,-4.47364761,,
00159,891085000159,54.16682222,-4.47067848,,
00160,891085000160,54.16655643,-4.48114044,,
00161,891085000161,54.16859417,-4.47676483,,
00162,891085000162,54.16920343,-4.47505044,,
00163,891085000163,54.17012518,-4.47252466,,
00164,891085000164,54.17061024,-4.47133948,,
00165,891085000165,54.14688939,-4.48438962,,
00166,891085000166,54.17069916,-4.46897675,,
00167,891085000167,54.14949623,-4.48599135,,
00168,891085000168,54.15321081,-4.48878928,,
00169,891085000169,54.15001925,-4.50148202,,
00203,891085000203,54.15021863,-4.50294054,,
00204,891085000204,54.15035066,-4.50281267,,
00205,891085000205,54.1520894,-4.50522553,,
00206,891085000206,54.15209348,-4.50473537,,
00207,891085000207,54.15309935,-4.50795812,,
00208,891085000208,54.15287483,-4.50721749,,
00209,891085000209,54.15197455,-4.51124282,,
00210,891085000210,54.15280364,-4.51009013,,
00211,891085000211,54.15113409,-4.51027193,,
00213,891085000213,54.15114,-4.51005,,
00301,891085000301,54.14126103,-4.53939678,,
00302,891085000302,54.14127749,-4.54164125,,
00303,891085000303,54.13995207,-4.54741609,,
00304,891085000304,54.137643,-4.55617295,,
00305,891085000305,54.13732466,-4.55688347,,
00306,891085000306,54.13509279,-4.56233031,,
00307,891085000307,54.13518406,-4.56186472,,
00308,891085000308,54.13118517,-4.56612859,,
00309,891085000309,54.13081356,-4.56616439,,
00310,891085000310,54.123844,-4.57387916,,
00311,891085000311,54.12378698,-4.57364498,,
00312,891085000312,54.12121021,-4.5795382,,
00313,891085000313,54.12109367,-4.57949759,,
00314,891085000314,54.11789211,-4.58860308,,
00315,891085000315,54.11894757,-4.5857894,,
00401,891085000401,54.10110517,-4.62004756,,
00402,891085000402,54.1008967,-4.62095468,,
00403,891085000403,54.09944316,-4.62473403,,
00404,891085000404,54.09950921,-4.6247974,,
00405,891085000405,54.09791207,-4.62913979,,
00406,891085000406,54.0983187,-4.62835422,,
00407,891085000407,54.09671252,-4.6298577,,
00408,891085000408,54.0959631,-4.62974174,,
00409,891085000409,54.09418783,-4.63000224,,
00410,891085000410,54.09450765,-4.62987352,,
00411,891085000411,54.09829775,-4.63216085,,
00412,891085000412,54.09841839,-4.63217355,,
00413,891085000413,54.09509535,-4.64634451,,
00414,891085000414,54.09517619,-4.64649053,,
00415,891085000415,54.10503172,-4.64205443,,
00416,891085000416,54.10505054,-4.64219193,,
00417,891085000417,54.09626,-4.62523,,
00418,891085000418,54.0964,-4.62491,,
00501,891085000501,54.08896523,-4.63247221,,
00502,891085000502,54.08896523,-4.63247221,,
00503,891085000503,54.08672531,-4.63478189,,
00504,891085000504,54.08672531,-4.63478189,,
00601,891085000601,54.08230039,-4.64040601,,
00602,891085000602,54.08233661,-4.64050479,,
00603,891085000603,54.08067112,-4.64217932,,
00604,891085000604,54.08112248,-4.6418458,,
00605,891085000605,54.07921218,-4.64377696,,
00606,891085000606,54.07909854,-4.64410426,,
00607,891085000607,54.07805477,-4.64608947,,
00608,891085000608,54.07816577,-4.64606198,,
00609,891085000609,54.07778849,-4.64914188,,
00610,891085000610,54.07791869,-4.64906394,,
00611,891085000611,54.07692676,-4.65082648,,
00612,891085000612,54.07681843,-4.6510706,,
00613,891085000613,54.07527203,-4.65235219,,
00614,891085000614,54.07527587,-4.65247153,,
00615,891085000615,54.07315099,-4.65309805,,
00616,891085000616,54.07296383,-4.65323944,,
00617,891085000617,54.0738728,-4.65812946,,
00618,891085000618,54.07379617,-4.65662197,,
00619,891085000619,54.07548251,-4.6609998,,
00620,891085000620,54.0750419,-4.65957307,,
00621,891085000621,54.07693812,-4.663056,,
00622,891085000622,54.0777661,-4.66328944,,
00623,891085000623,54.07809438,-4.66416803,,
00701,891085000701,54.0837282,-4.67455313,,
00702,891085000702,54.08364127,-4.6744194,,
00703,891085000703,54.09260393,-4.67513814,,
00704,891085000704,54.09209182,-4.67527586,,
00705,891085000705,54.0976938,-4.6768433,,
00706,891085000706,54.09693193,-4.67578545,,
00707,891085000707,54.09916524,-4.67807634,,
00708,891085000708,54.09909077,-4.67790787,,
00709,891085000709,54.10056979,-4.6802285,,
00710,891085000710,54.1006649,-4.68043074,,
00711,891085000711,54.09943491,-4.68307895,,
00712,891085000712,54.09944576,-4.68331828,,
00801,891085000801,54.08826584,-4.74848311,,
00802,891085000802,54.08675783,-4.750068,,
00803,891085000803,54.085017,-4.74948871,,
00804,891085000804,54.08516779,-4.75369169,,
00805,891085000805,54.0862883,-4.75593237,,
00806,891085000806,54.0875366,-4.75106172,,
00807,891085000807,54.08507298,-4.74893197,,
00808,891085000808,54.08461489,-4.74613602,,
00809,891085000809,54.08349158,-4.74409366,,
00810,891085000810,54.0834945,-4.74417857,,
00811,891085000811,54.08452011,-4.74619581,,
00812,891085000812,54.08775344,-4.75595207,,
00813,891085000813,54.08858391,-4.74778032,,
00818,891085000818,54.087415,-4.75729,,
00901,891085000901,54.08121198,-4.74294793,,
00902,891085000902,54.08087796,-4.74277497,,
00903,891085000903,54.07815668,-4.73999122,,
00904,891085000904,54.0781126,-4.74016949,,
00905,891085000905,54.07555346,-4.7375943,,
00906,891085000906,54.07548289,-4.73777174,,
00907,891085000907,54.07281225,-4.73939156,,
00908,891085000908,54.07172868,-4.73876113,,
00909,891085000909,54.07160953,-4.73764117,,
00910,891085000910,54.07377111,-4.7386457,,
00911,891085000911,54.078425,-4.741140,,
00912,891085000912,54.079044,-4.74010016,,
00913,891085000913,54.07887872,-4.74029093,,
01001,891085001001,54.07475935,-4.75368679,,
01002,891085001002,54.07461132,-4.75615195,,
01003,891085001003,54.06973604,-4.76813303,,
01004,891085001004,54.07086448,-4.76592629,,
01005,891085001005,54.06366316,-4.79241912,,
01006,891085001006,54.06984251,-4.76834679,,
01101,891085001101,54.14779202,-4.52437752,,
01102,891085001102,54.14739806,-4.52330178,,
01103,891085001103,54.15154121,-4.53281963,,
01104,891085001104,54.15288887,-4.53587004,,
01105,891085001105,54.15392168,-4.53558308,,
01106,891085001106,54.15067041,-4.53043057,,
01108,891085001108,54.15078492,-4.52640002,,
01109,891085001109,54.15108854,-4.52901048,,
01110,891085001110,54.1542435,-4.53395334,,
01111,891085001111,54.1534114,-4.53317553,,
01112,891085001112,54.15157464,-4.5321506,,
01113,891085001113,54.15681398,-4.53019602,,
01114,891085001114,54.15698196,-4.52990906,,
01201,891085001201,54.15408803,-4.53955131,,
01202,891085001202,54.15414848,-4.53948991,,
01301,891085001301,54.15449091,-4.57411017,,
01302,891085001302,54.15457597,-4.57411775,,
01303,891085001303,54.16505783,-4.59586388,,
01304,891085001304,54.16546601,-4.59659603,,
01401,891085001401,54.16730557,-4.60973138,,
01402,891085001402,54.16735602,-4.60994232,,
01405,891085001405,54.16026,-4.5882,,
01406,891085001406,54.16041,-4.588085,,
01501,891085001501,54.16924412,-4.63527633,,
01502,891085001502,54.16939569,-4.63511252,,
01503,891085001503,54.17071286,-4.63953109,,
01504,891085001504,54.17112174,-4.63960065,,
01505,891085001505,54.16981848,-4.6181562,,
01506,891085001506,54.16989947,-4.61829418,,
01507,891085001507,54.16925242,-4.63274018,,
01508,891085001508,54.16935341,-4.63215026,,
01601,891085001601,54.1561917,-4.50729968,,
01602,891085001602,54.15639744,-4.50847117,,
01603,891085001603,54.15648417,-4.50845084,,
01604,891085001604,54.15713131,-4.51311758,,
01605,891085001605,54.15724357,-4.51317508,,
01606,891085001606,54.15796103,-4.51518279,,
01607,891085001607,54.15809135,-4.51505559,,
01608,891085001608,54.159511,-4.51332,,
01609,891085001609,54.1596,-4.512428,,
01610,891085001610,54.15866433,-4.51769443,,
01701,891085001701,54.16140485,-4.50648751,,
01702,891085001702,54.160436,-4.50412821,,
01703,891085001703,54.16463543,-4.50616735,,
01704,891085001704,54.1651836,-4.50639384,,
01705,891085001706,54.16239257,-4.50736484,,
01711,891085001711,54.16147153,-4.50739093,,
01712,891085001712,54.16128999,-4.50742728,,
01801,891085001801,54.17248773,-4.50603454,,
01802,891085001802,54.17150987,-4.51647171,,
01803,891085001803,54.17146442,-4.50770015,,
01804,891085001804,54.17268462,-4.51143657,,
01805,891085001805,54.17099083,-4.51011208,,
01807,891085001807,54.17279691,-4.51171643,,
01808,891085001808,54.17146442,-4.50770015,,
01809,891085001809,54.17165197,-4.5153112,,
01810,891085001810,54.17248773,-4.50603454,,
01811,891085001811,54.17574762,-4.50829607,,
01812,891085001812,54.17390874,-4.50860523,,
01813,891085001813,54.17385506,-4.51361285,,
01813,891085001813,54.17955341,-4.52068637,,
01901,891085001901,54.16975207,-4.52378487,,
01902,891085001902,54.16984413,-4.52337295,,
01903,891085001903,54.17036823,-4.52744966,,
01904,891085001904,54.17055062,-4.52816562,,
01905,891085001905,54.16728934,-4.51779506,,
01906,891085001906,54.17122601,-4.51784118,,
01907,891085001907,54.16872843,-4.52205767,,
01908,891085001908,54.1681574,-4.51923133,,
01909,891085001909,54.17157803,-4.53658352,,
01910,891085001910,54.17195898,-4.53658353,,
02001,891085002001,54.17244248,-4.54234304,,
02002,891085002002,54.17317134,-4.54536554,,
02003,891085002003,54.17455692,-4.55067731,,
02004,891085002004,54.174571,-4.55047973,,
02005,891085002005,54.17666959,-4.55392086,,
02006,891085002006,54.17606793,-4.55285474,,
02007,891085002007,54.17802588,-4.55586233,,
02008,891085002008,54.1779982,-4.55567595,,
02009,891085002009,54.17520993,-4.54947349,,
02010,891085002010,54.17694355,-4.54798821,,
02011,891085002011,54.17520993,-4.54947349,,
02012,891085002012,54.17694355,-4.54798821,,
02101,891085002101,54.18237723,-4.56290414,,
02102,891085002102,54.18249528,-4.56290332,,
02103,891085002103,54.18332134,-4.56506221,,
02104,891085002104,54.1839493,-4.56609998,,
02106,891085002106,54.1847858,-4.56817123,,
02107,891085002107,54.18624706,-4.57199824,,
02108,891085002108,54.18629529,-4.5718826,,
02201,891085002201,54.19031427,-4.58214115,,
02202,891085002202,54.19032146,-4.58173888,,
02203,891085002203,54.19341134,-4.5944539,,
02204,891085002204,54.19324676,-4.59284993,,
02205,891085002205,54.19605287,-4.60437938,,
02206,891085002206,54.1954237,-4.60287607,,
02207,891085002207,54.19694084,-4.60799207,,
02208,891085002208,54.19718001,-4.60961721,,
02209,891085002209,54.1977193,-4.61553164,,
02210,891085002210,54.19762869,-4.61542733,,
02301,891085002301,54.20226927,-4.62934208,,
02302,891085002302,54.20229324,-4.62781183,,
02303,891085002303,54.19553279,-4.63585594,,
02304,891085002304,54.20229115,-4.62948501,,
02305,891085002305,54.19656054,-4.63765073,,
02306,891085002306,54.19549353,-4.63607254,,
02307,891085002307,54.19936949,-4.6412008,,
02308,891085002308,54.19566815,-4.63692922,,
02309,891085002309,54.20144078,-4.64221593,,
02310,891085002310,54.1993307,-4.64095667,,
02311,891085002311,54.20306136,-4.63108506,,
02312,891085002312,54.20146805,-4.64206693,,
02313,891085002313,54.20325482,-4.63757836,,
02314,891085002314,54.20334758,-4.6374892,,
02315,891085002315,54.20312788,-4.64147071,,
02316,891085002316,54.20340262,-4.64338795,,
02317,891085002317,54.20332472,-4.64391433,,
02318,891085002318,54.20325122,-4.63198242,,
02319,891085002319,54.19111205,-4.63816535,,
02320,891085002320,54.19111904,-4.63829763,,
02321,891085002321,54.193663,-4.63699714,,
02323,891085002323,54.200594,-4.643232,,
02324,891085002324,54.2008,-4.64384,,
02401,891085002401,54.21065009,-4.67308355,,
02402,891085002402,54.21047493,-4.67238816,,
02403,891085002403,54.21727483,-4.68593717,,
02404,891085002404,54.2168466,-4.68500675,,
02405,891085002405,54.21914896,-4.68913951,,
02406,891085002406,54.21916189,-4.68897927,,
02407,891085002407,54.21995477,-4.69158239,,
02408,891085002408,54.22007219,-4.69060803,,
02409,891085002409,54.22106932,-4.69484632,,
02410,891085002410,54.22173556,-4.68956621,,
02411,891085002411,54.22210242,-4.69735135,,
02412,891085002412,54.22243123,-4.69091861,,
02413,891085002413,54.22445361,-4.69643822,,
02414,891085002414,54.22243123,-4.69091861,,
02415,891085002415,54.22402744,-4.69233936,,
02416,891085002416,54.22331107,-4.68895141,,
02417,891085002417,54.22455459,-4.68967699,,
02418,891085002418,54.22426144,-4.68544905,,
02419,891085002419,54.22421933,-4.68524487,,
02420,891085002420,54.22149271,-4.68041248,,
02421,891085002421,54.22488838,-4.68299405,,
02422,891085002422,54.22484969,-4.682822,,
02423,891085002423,54.22601876,-4.67900625,,
02424,891085002424,54.22592039,-4.67903533,,
02425,891085002425,54.22679817,-4.67662229,,
02426,891085002426,54.22651508,-4.67721634,,
02427,891085002427,54.22059091,-4.69063702,,
02428,891085002428,54.22352721,-4.67856546,,
02429,891085002429,54.22266557,-4.67631738,,
02430,891085002430,54.2210112,-4.67750578,,
02431,891085002431,54.22170229,-4.68711716,,
02432,891085002432,54.22158662,-4.68689378,,
02433,891085002433,54.22084338,-4.68291803,,
02434,891085002434,54.22679817,-4.67662229,,
02435,891085002435,54.2177732,-4.6970273,,
02436,891085002436,54.21773567,-4.69717734,,
02437,891085002437,54.226666,-4.675921,,
02438,891085002438,54.21921,-4.69502,,
02440,891085002440,54.22139587,-4.68038856,,
02441,891085002441,54.21992097,-4.67824905,,
02442,891085002442,54.21994977,-4.67804135,,
02444,891085002444,54.22094862,-4.68307689,,
02447,891085002447,,,,
02501,891085002501,54.23868405,-4.64733088,,
02502,891085002502,54.23874945,-4.6468341,,
02503,891085002503,54.24868298,-4.63863904,,
02504,891085002504,54.24854913,-4.63858121,,
02505,891085002505,54.26284943,-4.6180426,,
02506,891085002506,54.26282245,-4.61795243,,
02507,891085002507,54.23296475,-4.66099694,,
02508,891085002508,54.23294676,-4.66082496,,
02601,891085002601,54.27932034,-4.59026325,,
02602,891085002602,54.27923223,-4.59019289,,
02603,891085002603,54.28372277,-4.58723861,,
02604,891085002604,54.28171982,-4.58784975,,
02605,891085002605,54.28676688,-4.58337305,,
02606,891085002606,54.28364792,-4.58711531,,
02607,891085002607,54.283697,-4.58789,,
02608,891085002608,54.28675042,-4.5831635,,
02609,891085002609,54.28989524,-4.57990804,,
02610,891085002610,54.28993631,-4.57975325,,
02701,891085002701,54.30794066,-4.5497549,,
02702,891085002702,54.30814089,-4.54874617,,
02703,891085002703,54.31001132,-4.54077403,,
02704,891085002704,54.30989735,-4.54070935,,
02801,891085002801,54.31613316,-4.51249206,,
02802,891085002802,54.31613316,-4.51249206,,
02901,891085002901,54.31938585,-4.4923344,,
02902,891085002902,54.31933393,-4.49220225,,
02903,891085002903,54.32221279,-4.4804285,,
02904,891085002904,54.32219326,-4.48004933,,
02905,891085002905,54.32177344,-4.47174227,,
02906,891085002906,54.32149456,-4.47156762,,
02908,891085002908,54.32331209,-4.47391382,,
03001,891085003001,54.321583,-4.460295,,
03002,891085003002,54.32107,-4.46266,,
03003,891085003003,54.320047,-4.446198,,
03004,891085003004,54.319617,-4.44468,,
03005,891085003005,54.3185931,-4.4345506,,
03006,891085003006,54.31854,-4.434753,,
03007,891085003007,54.31917937,-4.42512831,,
03008,891085003008,54.31909838,-4.42365658,,
03101,891085003101,54.16715877,-4.48591757,,
03102,891085003102,54.16850003,-4.48591528,,
03103,891085003103,54.17078764,-4.48520011,,
03104,891085003104,54.17201541,-4.4847287,,
03105,891085003105,54.17327659,-4.48405885,,
03106,891085003106,54.1752672,-4.4813088,,
03107,891085003107,54.17504472,-4.48053986,,
03108,891085003108,54.17373621,-4.48110373,,
03109,891085003109,54.17260821,-4.48234844,,
03110,891085003110,54.17095217,-4.48149799,,
03111,891085003111,54.16965086,-4.48124985,,
03112,891085003112,54.16892383,-4.48229737,,
03113,891085003113,54.16803235,-4.484527,,
03114,891085003114,54.16844452,-4.48575598,,
03115,891085003115,54.16652854,-4.48508278,,
03116,891085003116,54.16863298,-4.48740485,,
03117,891085003117,54.16899351,-4.48753374,,
03118,891085003118,54.16980362,-4.48852866,,
03119,891085003119,54.17048408,-4.4888896,,
03120,891085003120,54.17178835,-4.48719217,,
03121,891085003121,54.17116448,-4.48818288,,
03122,891085003122,54.17510395,-4.48289208,,
03123,891085003123,54.17428505,-4.48385114,,
03124,891085003124,54.17677542,-4.48034143,,
03125,891085003125,54.17683214,-4.47996172,,
03201,891085003201,54.17226139,-4.46468215,,
03202,891085003202,54.17218664,-4.46463143,,
03203,891085003203,54.17279325,-4.46112452,,
03204,891085003204,54.17275527,-4.46097731,,
03205,891085003205,54.17315899,-4.45911163,,
03206,891085003206,54.17316151,-4.45850805,,
03207,891085003207,54.1742403,-4.45567883,,
03208,891085003208,54.17422741,-4.45532777,,
03209,891085003209,54.17671058,-4.45109124,,
03210,891085003210,54.17554608,-4.45296083,,
03211,891085003211,54.16766944,-4.45161875,,
03212,891085003212,54.16735932,-4.45193547,,
03213,891085003213,54.16911931,-4.45142538,,
03214,891085003214,54.16916436,-4.45127452,,
03215,891085003215,54.16925946,-4.45288648,,
03216,891085003216,54.16946965,-4.45232558,,
03217,891085003217,54.17075199,-4.45337935,,
03218,891085003218,54.17078383,-4.4531799,,
03219,891085003219,54.17273623,-4.45392192,,
03220,891085003220,54.17328795,-4.45389055,,
03221,891085003221,54.17407806,-4.45428366,,
03222,891085003222,54.16977782,-4.46050168,,
03223,891085003223,54.16988476,-4.46052105,,
03224,891085003224,54.17198352,-4.45821076,,
03225,891085003225,54.17193656,-4.45838893,,
03226,891085003226,54.16766944,-4.45161875,,
03227,891085003227,54.16735932,-4.45193547,,
03301,891085003301,54.18373275,-4.44249268,,
03302,891085003302,54.18504666,-4.44074344,,
03303,891085003303,54.18694258,-4.43888092,,
03304,891085003304,54.18667478,-4.43898716,,
03305,891085003305,54.19157076,-4.43058766,,
03306,891085003306,54.19052029,-4.4322406,,
03307,891085003307,54.19379797,-4.42532184,,
03308,891085003308,54.19400848,-4.42405528,,
03309,891085003309,54.1976453,-4.41750081,,
03310,891085003310,54.19743553,-4.41735502,,
03311,891085003311,54.20167369,-4.41263647,,
03312,891085003312,54.20029093,-4.41397586,,
03313,891085003313,54.20502431,-4.41032089,,
03314,891085003314,54.2046652,-4.41015306,,
03315,891085003315,54.20741803,-4.40704215,,
03316,891085003316,54.20718057,-4.40678741,,
03317,891085003317,54.2127955,-4.40682588,,
03318,891085003318,54.21190457,-4.40674276,,
03319,891085003319,54.21601064,-4.40440075,,
03320,891085003320,54.21597609,-4.40419458,,
03322,891085003322,54.19373391,-4.42523499,,
03401,891085003401,54.21855125,-4.40103103,,
03402,891085003402,54.21868686,-4.40076738,,
03403,891085003403,54.22106904,-4.40011777,,
03404,891085003404,54.22114062,-4.39954787,,
03405,891085003405,54.22463432,-4.39569677,,
03406,891085003406,54.22466995,-4.39555953,,
03407,891085003407,54.22596765,-4.39716252,,
03408,891085003408,54.22603949,-4.39706251,,
03409,891085003409,54.22901574,-4.40339524,,
03410,891085003410,54.22919033,-4.40336749,,
03411,891085003411,54.23123632,-4.40654857,,
03412,891085003412,54.2302906,-4.40467862,,
03413,891085003413,54.23329778,-4.40615113,,
03414,891085003414,54.23204315,-4.40611156,,
03415,891085003415,54.231765,-4.40209548,,
03416,891085003416,54.23388624,-4.40536348,,
03418,891085003418,54.23198604,-4.40264232,,
03431,891085003431,54.23387422,-4.40756933,,
03501,891085003501,54.23065902,-4.39701824,,
03502,891085003502,54.23064112,-4.39637689,,
03503,891085003503,54.22893867,-4.3879012,,
03504,891085003504,54.22873378,-4.38768008,,
03601,891085003601,54.249862,-4.377383,,
03602,891085003602,54.2497943,-4.37713276,,
03603,891085003603,54.258287,-4.371969,,
03604,891085003604,54.259345,-4.371956,,
03605,891085003605,54.242127,-4.378006,,
03606,891085003606,54.242135,-4.377883,,
03607,891085003607,54.242163,-4.373369,,
03608,891085003608,54.242092,-4.373349,,
03701,891085003701,54.27056703,-4.37719075,,
03702,891085003702,54.27150234,-4.37688351,,
03703,891085003703,54.2715097,-4.37705289,,
03705,891085003705,54.27436646,-4.37647702,,
03706,891085003706,54.27435044,-4.37632249,,
03707,891085003707,54.27985398,-4.37596312,,
03708,891085003708,54.27982534,-4.37560091,,
03709,891085003709,54.29333869,-4.3679878,,
03710,891085003710,54.29226171,-4.36873645,,
03711,891085003711,54.26710494,-4.37783763,,
03712,891085003712,54.26709575,-4.37770196,,
03713,891085003713,54.281831,-4.373507,,
03714,891085003714,54.281809,-4.373373,,
03800,891085003800,54.32054172,-4.3848397,,
03801,891085003801,54.32127778,-4.40513296,,
03802,891085003802,54.3211465,-4.40536919,,
03803,891085003803,54.3209375,-4.39807672,,
03804,891085003804,54.32086577,-4.39813083,,
03805,891085003805,54.32076696,-4.39514426,,
03806,891085003806,54.3208173,-4.39232107,,
03807,891085003807,54.32202958,-4.38979144,,
03808,891085003808,54.32197331,-4.38965531,,
03809,891085003809,54.31418165,-4.37362659,,
03810,891085003810,54.31390921,-4.37339197,,
03811,891085003811,54.31603068,-4.3744308,,
03812,891085003812,54.31654311,-4.37450198,,
03813,891085003813,54.31800642,-4.37603628,,
03814,891085003814,54.31880109,-4.37726365,,
03815,891085003815,54.31908579,-4.37797034,,
03816,891085003816,54.320684,-4.38088019,,
03817,891085003817,54.32086912,-4.38187675,,
03818,891085003818,54.32314306,-4.38823187,,
03819,891085003819,54.32325943,-4.38862923,,
03820,891085003820,54.32353295,-4.38789475,,
03821,891085003821,54.32462849,-4.38810371,,
03822,891085003822,54.32454166,-4.38825308,,
03823,891085003823,54.32608106,-4.38944947,,
03824,891085003824,54.32613911,-4.38959587,,
03825,891085003825,54.32880503,-4.39156507,,
03826,891085003826,54.32885426,-4.39170251,,
03827,891085003827,54.3234545,-4.38768905,,
03828,891085003828,54.32822424,-4.3932872,,
03829,891085003829,54.32937408,-4.39969278,,
03830,891085003830,54.32953334,-4.40133029,,
03831,891085003831,54.33498635,-4.39156944,,
03832,891085003832,54.33501242,-4.39165987,,
03833,891085003833,54.33282544,-4.39385148,,
03834,891085003834,54.33192821,-4.39374706,,
03835,891085003835,54.33670389,-4.39532185,,
03836,891085003836,54.33662756,-4.39549894,,
03837,891085003837,54.337354,-4.38671,,
03838,891085003838,54.337054,-4.387147,,
03841,891085003841,54.31844543,-4.38266701,,
03842,891085003842,54.3168412,-4.38238347,,
03843,891085003843,54.31703199,-4.37990769,,
03844,891085003844,54.31803318,-4.37729717,,
03847,891085003847,54.32049635,-4.38477957,,
03860,891085003860,54.32602842,-4.38403001,,
03861,891085003861,54.32428996,-4.38166212,,
03863,891085003863,54.335674,-4.383997,,
03869,891085003869,54.33357742,-4.39581245,,
03870,891085003870,54.33314865,-4.39819194,,
03871,891085003871,54.33159558,-4.40009379,,
03872,891085003872,54.3300825,-4.40046741,,
03876,891085003876,54.3296103,-4.39545383,,
03880,891085003880,54.32777059,-4.38242649,,
03885,891085003885,54.3218734,-4.37769703,,
03886,891085003886,54.32162225,-4.37768746,,
03887,891085003887,54.32015548,-4.37646278,,
03888,891085003888,54.31898934,-4.3756653,,
03889,891085003889,54.31833439,-4.37608917,,
03890,891085003890,54.31855434,-4.38081501,,
03891,891085003891,54.32119927,-4.40104697,,
03892,891085003892,54.32108942,-4.40106917,,
03893,891085003893,54.31849458,-4.38093703,,
03895,891085003895,54.33655718,-4.38802287,,
03896,891085003896,54.31701123,-4.38381545,,
03901,891085003901,54.300422,-4.364182,,
03902,891085003902,54.298593,-4.363841,,
03903,891085003903,54.31127351,-4.36630623,,
03906,891085003906,54.31001623,-4.36423905,,
03912,891085003912,54.306759,-4.357921,,
04007,891085004007,54.41243544,-4.36797276,,
04109,891085004109,54.37410747,-4.43746373,,
04110,891085004110,54.37317155,-4.43855922,,
04201,891085004201,54.35806566,-4.51671498,,
04202,891085004202,54.35778996,-4.51529654,,
04204,891085004204,54.35981513,-4.52139143,,
04205,891085004205,54.36093732,-4.524474,,
04206,891085004206,54.36100941,-4.52434512,,
04207,891085004207,54.36278727,-4.52310199,,
04208,891085004208,54.36274265,-4.52309479,,
04209,891085004209,54.36356387,-4.51678893,,
04210,891085004210,54.36349304,-4.51676674,,
04211,891085004211,54.36388239,-4.50092643,,
04212,891085004212,54.36380098,-4.50085545,,
04213,891085004213,54.35709394,-4.52928396,,
04214,891085004214,54.38184583,-4.49678856,,
04215,891085004215,54.37493538,-4.50856247,,
04301,891085004301,54.34615344,-4.50258219,,
04302,891085004302,54.34665617,-4.50359447,,
04401,891085004401,54.34892522,-4.41493249,,
04402,891085004402,54.34902467,-4.41472442,,
04501,891085004501,54.35445207,-4.38411473,,
04502,891085004502,54.35427234,-4.38390241,,
04601,891085004601,54.330102,-4.420353,,
04602,891085004602,54.330661,-4.416801,,
04701,891085004701,54.33236833,-4.55278143,,
04702,891085004702,54.35402482,-4.53478049,,
04703,891085004703,54.31706685,-4.5496468,,
04801,891085004801,54.26910481,-4.60949085,,
04802,891085004802,54.26905473,-4.60935867,,
04803,891085004803,54.27335175,-4.60186734,,
04804,891085004804,54.27319777,-4.60192633,,
07101,891085007101,54.21138775,-4.69484542,,
07102,891085007102,54.21176837,-4.69619238,,
07201,891085007201,54.19328852,-4.70112775,,
07202,891085007202,54.1933121,-4.70128689,,
07203,891085007203,54.18471755,-4.70399731,,
07204,891085007204,54.1848235,-4.70426788,,
07205,891085007205,54.18155631,-4.70860519,,
07206,891085007206,54.18189918,-4.70755163,,
07301,891085007301,54.16869549,-4.7293163,,
07302,891085007302,54.16885894,-4.72946267,,
07401,891085007401,54.16436539,-4.73903289,,
10201,891085010201,54.14969569,-4.50331206,,
10202,891085010202,54.14946301,-4.50608252,,
10203,891085010203,54.14861019,-4.50809949,,
10204,891085010204,54.1477248,-4.50978438,,
10207,891085010207,54.14852398,-4.50925571,,
10208,891085010208,54.15010962,-4.50908442,,
10301,891085010301,54.14979511,-4.51551767,,
10302,891085010302,54.1497574,-4.51588538,,
10303,891085010303,54.1479984,-4.51823734,,
10304,891085010304,54.14786958,-4.518658,,
10305,891085010305,54.14575979,-4.5219467,,
10306,891085010306,54.14553018,-4.52318642,,
10311,891085010311,54.15086261,-4.51589961,,
10312,891085010312,54.15102596,-4.51850056,,
10313,891085010313,54.15067039,-4.52066167,,
10314,891085010314,54.14937032,-4.52182158,,
10315,891085010315,54.14799051,-4.5211009,,
10316,891085010316,54.14825016,-4.51865661,,
10317,891085010317,54.14935512,-4.51694648,,
10401,891085010401,54.11423002,-4.59559963,,
10402,891085010402,54.11479159,-4.59501868,,
10403,891085010403,54.10709706,-4.60677762,,
10404,891085010404,54.10716778,-4.60682933,,
10406,891085010406,54.11338137,-4.59853719,,
10407,891085010407,54.10433307,-4.61563954,,
10408,891085010408,54.10506499,-4.61359484,,
10701,891085010701,54.09651895,-4.69649613,,
10702,891085010702,54.09637399,-4.69811695,,
10703,891085010703,54.09612048,-4.70526516,,
10704,891085010704,54.09624572,-4.70517343,,
10705,891085010705,54.09566636,-4.7102195,,
10706,891085010706,54.09557067,-4.71065133,,
10707,891085010707,54.09354836,-4.71676795,,
10708,891085010708,54.09363547,-4.71685196,,
10709,891085010709,54.09232606,-4.72124118,,
10710,891085010710,54.09250043,-4.72101707,,
10711,891085010711,54.09167107,-4.72562764,,
10712,891085010712,54.09185413,-4.72527442,,
11301,891085011301,54.13497527,-4.60900549,,
11501,891085011501,54.17765271,-4.64246973,,
11502,891085011502,54.17737837,-4.64230404,,
11503,891085011503,54.18129393,-4.64152033,,
11504,891085011504,54.18120678,-4.64139507,,
11801,891085011801,54.08494988,-4.72053805,,
11802,891085011802,54.08506248,-4.72056836,,
11803,891085011803,54.08410891,-4.72698124,,
11804,891085011804,54.08418651,-4.72707609,,
11901,891085011901,54.09034483,-4.73348115,,
11902,891085011902,54.09044785,-4.73395637,,
11903,891085011903,54.09201135,-4.74150286,,
11904,891085011904,54.09214425,-4.74163598,,
11905,891085011905,54.09177357,-4.74297149,,
11906,891085011906,54.09152637,-4.74340696,,
11907,891085011907,54.09037936,-4.74460369,,
11908,891085011908,54.09041862,-4.74471135,,
12101,891085012101,54.15156508,-4.5216578,,
12102,891085012102,54.15431594,-4.52589087,,
12103,891085012103,54.15517706,-4.52698488,,
12104,891085012104,54.1567901,-4.52644754,,
12105,891085012105,54.15679155,-4.52625417,,
12106,891085012106,54.1543567,-4.52579074,,
12107,891085012107,54.15305027,-4.52297785,,
12108,891085012108,54.15164428,-4.52146888,,
12501,891085012501,54.21789189,-4.63300061,,
12502,891085012502,54.21896684,-4.63112076,,
12503,891085012503,54.22697713,-4.61841715,,
12504,891085012504,54.225885,-4.61703999,,
12505,891085012505,54.24050155,-4.60769706,,
12506,891085012506,54.24067895,-4.60727204,,
12601,891085012601,54.26053444,-4.58159098,,
12602,891085012602,54.26040897,-4.58153093,,
12603,891085012603,54.27599234,-4.58042688,,
12604,891085012604,54.2746066,-4.57922811,,
12701,891085012701,54.29877891,-4.57120893,,
12702,891085012702,54.29871651,-4.57108746,,
12703,891085012703,54.30260481,-4.56546265,,
12704,891085012704,54.30246073,-4.56553716,,
12705,891085012705,54.29346242,-4.57702119,,
12706,891085012706,54.29342898,-4.57681931,,
12901,891085012901,54.1350058,-4.51974109,,
13001,891085013001,54.14318421,-4.50411539,,
13002,891085013002,54.14289706,-4.50526515,,
13107,891085013107,54.1689823,-4.49675831,,
13108,891085013108,54.16896178,-4.49731862,,
13203,891085013203,54.17734912,-4.42656733,,
13205,891085013205,54.17795399,-4.430613,,
13206,891085013206,54.17812406,-4.43052474,,
13301,891085013301,54.16837046,-4.44854017,,
13302,891085013302,54.16641387,-4.45092382,,
13303,891085013303,54.17079048,-4.4448972,,
13304,891085013304,54.16947544,-4.44651266,,
13305,891085013305,54.17105205,-4.44223198,,
13306,891085013306,54.17091424,-4.44239164,,
13307,891085013307,54.17009,-4.4341,,
13309,891085013309,54.17023,-4.43734,,
13310,891085013310,54.169993,-4.434217,,
13401,891085013401,54.17896288,-4.47832703,,
13402,891085013402,54.1787943,-4.47832338,,
13403,891085013403,54.17907981,-4.47586314,,
13404,891085013404,54.17753117,-4.47441268,,
13405,891085013405,54.17753884,-4.47279609,,
13406,891085013406,54.18112061,-4.47798377,,
13407,891085013407,54.17905183,-4.47596921,,
13410,891085013410,54.17570904,-4.47271216,,
13411,891085013411,54.17528069,-4.47531922,,
13412,891085013412,54.17696429,-4.47628748,,
13413,891085013413,54.17837701,-4.4765831,,
13501,891085013501,54.22796378,-4.39412551,,
13502,891085013502,54.2279111,-4.39390366,,
13503,891085013503,54.22762012,-4.39617816,,
13505,891085013505,54.22732615,-4.39536436,,
13506,891085013506,54.22830125,-4.39906645,,
13507,891085013507,54.22754825,-4.39620745,,
13508,891085013508,54.22924008,-4.39516454,,
13701,891085013701,54.17722499,-4.45071956,,
13702,891085013702,54.17849211,-4.45017662,,
13703,891085013703,54.1799446,-4.45065841,,
13704,891085013704,54.17911365,-4.45288965,,
13705,891085013705,54.17752568,-4.45343221,,
13706,891085013706,54.17722499,-4.45071956,,
13707,891085013707,54.17849211,-4.45017662,,
13708,891085013708,54.1799446,-4.45065841,,
13709,891085013709,54.17911365,-4.45288965,,
13710,891085013710,54.17752568,-4.45343221,,
13801,891085013801,54.1699112,-4.44902317,,
13802,891085013802,54.1695471,-4.44938193,,
13803,891085013803,54.17103429,-4.4487543,,
13804,891085013804,54.17075344,-4.44894915,,
13805,891085013805,54.17205494,-4.44892495,,
13806,891085013806,54.17165898,-4.44844539,,
13807,891085013807,54.17346676,-4.45011062,,
13809,891085013809,54.17460739,-4.44779923,,
13810,891085013810,54.17439868,-4.44856687,,
13811,891085013811,54.17481139,-4.44537817,,
13812,891085013812,54.17470114,-4.44446327,,
13813,891085013813,54.17557757,-4.44422352,,
13814,891085013814,54.17594333,-4.44443359,,
13815,891085013815,54.17649668,-4.44610136,,
13816,891085013816,54.17715386,-4.44578142,,
13817,891085013817,54.17740301,-4.44738117,,
13818,891085013818,54.17747293,-4.44724539,,
13901,891085013901,54.17538105,-4.45705757,,
13902,891085013902,54.17557018,-4.45710235,,
13903,891085013903,54.17649872,-4.46045523,,
13904,891085013904,54.17660319,-4.46039799,,
13905,891085013905,54.17824674,-4.46474233,,
13906,891085013906,54.1782418,-4.46385886,,
13907,891085013907,54.1792477,-4.46907797,,
13908,891085013908,54.1787531,-4.46703232,,
13909,891085013909,54.17928354,-4.4675793,,
13910,891085013910,54.18104013,-4.47020429,,
13911,891085013911,54.18238286,-4.47158036,,
13912,891085013912,54.18332109,-4.46929963,,
13913,891085013913,54.18144847,-4.46463843,,
13914,891085013914,54.17929366,-4.46327653,,
14801,891085014801,54.25161165,-4.46333436,,
14802,891085014802,54.25043834,-4.46320915,,
14803,891085014803,54.29540633,-4.40573722,,
14804,891085014804,54.29481696,-4.40564338,,
20101,891085020101,54.15502963,-4.50099044,,
20102,891085020102,54.15253355,-4.49955735,,
20103,891085020103,54.15067519,-4.49621402,,
20104,891085020104,54.14987435,-4.49118854,,
20106,891085020106,54.15069347,-4.48374168,,
20107,891085020107,54.15046332,-4.48108715,,
20108,891085020108,54.14933194,-4.47822838,,
20112,891085020112,54.16691487,-4.46067395,,
20113,891085020113,54.16597,-4.46512791,,
20114,891085020114,54.16423515,-4.46809361,,
20115,891085020115,54.16280257,-4.470441,,
20116,891085020116,54.16061721,-4.47378208,,
20117,891085020117,54.15848451,-4.47580772,,
20118,891085020118,54.15657616,-4.47727922,,
20119,891085020119,54.15446519,-4.47797587,,
20120,891085020120,54.15115135,-4.47774244,,
20121,891085020121,54.15873405,-4.47978,,
20122,891085020122,54.1616508,-4.48226917,,
20123,891085020123,54.16454501,-4.48345193,,
20124,891085020124,54.16280635,-4.48327745,,
20125,891085020125,54.16093185,-4.48482892,,
20126,891085020126,54.15748113,-4.48619674,,
20127,891085020127,54.15616828,-4.48534052,,
20128,891085020128,54.15499426,-4.48467953,,
20129,891085020129,54.15266813,-4.48388539,,
20134,891085020134,54.15687925,-4.49297881,,
20140,891085020140,54.15618308,-4.48925443,,
20141,891085020141,54.15514939,-4.48785952,,
20142,891085020142,54.15171168,-4.48913471,,
20143,891085020143,54.1509542,-4.48662826,,
20144,891085020144,54.15371431,-4.48695002,,
20145,891085020145,54.16037304,-4.48230495,,
20146,891085020146,54.16227754,-4.47965312,,
20147,891085020147,54.16331283,-4.47516531,,
20148,891085020148,54.16482585,-4.47312557,,
20149,891085020149,54.16641559,-4.47099006,,
20150,891085020150,54.17057948,-4.46881119,,
20151,891085020151,54.15953002,-4.47777574,,
20152,891085020152,54.15857029,-4.47889173,,
20153,891085020153,54.1666144,-4.48070926,,
20154,891085020154,54.16845675,-4.4766057,,
20155,891085020155,54.16928779,-4.47442285,,
20156,891085020156,54.1700272,-4.47245845,,
20157,891085020157,54.17067217,-4.47082759,,
20158,891085020158,54.14652256,-4.48338085,,
20159,891085020159,54.15702643,-4.49410674,,
20160,891085020160,54.14884425,-4.48725076,,
20161,891085020161,54.14923198,-4.48229866,,
20162,891085020162,54.14952567,-4.48630737,,
20164,891085020164,54.14926076,-4.4754441,,
20166,891085020166,54.1569473,-4.49422069,,
20167,891085020167,54.15336972,-4.4886429,,
20168,891085020168,54.15060937,-4.49974598,,
00146,891085000146,54.161055,-4.486543,,
00147,891085000147,54.163912,-4.484054,,
00212,891085000212,54.152189,-4.508938,,
00624,891085000624,54.078528,-4.656419,,
00625,891085000625,54.078561,-4.657077,,
00627,891085000627,54.079252,-4.660688,,
00714,891085000714,54.099067,-4.684482,,
00715,891085000715,54.110941,-4.681999,,
00800,891085000800,54.084655,-4.756092,,
00814,891085000814,54.092801,-4.763470,,
00815,891085000815,54.083937,-4.742091,,
00816,891085000816,54.083929,-4.742809,,
00817,891085000817,54.084673,-4.755465,,
01806,891085001806,54.173390,-4.503642,,
02443,891085002443,54.220813,-4.677843,,
02445,891085002445,54.226727,-4.676706,,
02446,891085002446,54.222909,-4.676501,,
02448,891085002448,,,,
03432,891085003432,54.237430,-4.408456,,
03433,891085003433,54.235158,-4.407133,,
03434,891085003434,54.234083,-4.406447,,
03715,891085003715,54.289732,-4.370158,,
03716,891085003716,54.289759,-4.370028,,
03717,891085003717,54.285470,-4.371111,,
03718,891085003718,54.285599,-4.370925,,
03848,891085003848,54.321225,-4.386742,,
03849,891085003849,54.319852,-4.387701,,
03850,891085003850,54.316866,-4.388414,,
03851,891085003851,54.315286,-4.389222,,
03852,891085003852,54.315993,-4.391757,,
03853,891085003853,54.317079,-4.390210,,
03854,891085003854,54.317995,-4.388173,,
03855,891085003855,54.318980,-4.388043,,
03856,891085003856,54.320782,-4.387248,,
03857,891085003857,54.322778,-4.393889,,
03858,891085003858,54.322778,-4.396667,,
03859,891085003859,54.322072,-4.398076,,
03864,891085003864,54.333889,-4.389591,,
03865,891085003865,54.333019,-4.389903,,
03866,891085003866,54.333067,-4.392088,,
03867,891085003867,54.333793,-4.390610,,
03868,891085003868,54.334978,-4.390804,,
03873,891085003873,54.328777,-4.401379,,
03874,891085003874,54.328145,-4.400136,,
03875,891085003875,54.328431,-4.397771,,
03877,891085003877,54.323154,-4.386096,,
03878,891085003878,54.323292,-4.386409,,
03879,891085003879,54.322749,-4.383568,,
03881,891085003881,54.322250,-4.381926,,
03882,891085003882,54.322870,-4.384794,,
03904,891085003904,54.301477,-4.354912,,
03907,891085003907,54.292629,-4.341839,,
03908,891085003908,54.287654,-4.338374,,
03909,891085003909,54.298834,-4.318464,,
03910,891085003910,54.308295,-4.349196,,
04001,891085004001,54.377082,-4.392836,,
04002,891085004002,54.377190,-4.392822,,
04003,891085004003,54.380797,-4.391533,,
04004,891085004004,54.380835,-4.391824,,
04005,891085004005,54.382907,-4.390012,,
04006,891085004006,54.382761,-4.389900,,
04008,891085004008,54.380573,-4.389777,,
04101,891085004101,54.363023,-4.453991,,
04102,891085004102,54.362930,-4.454088,,
04103,891085004103,54.36781216,-4.44380808,,
04104,891085004104,54.36822,-4.44301,,
04105,891085004105,54.37076022,-4.44050621,,
04106,891085004106,54.37072885,-4.4403547,,
04107,891085004107,54.38712192,-4.44625398,,
04108,891085004108,54.38640943,-4.45014782,,
04111,891085004111,54.364962,-4.437670,,
04112,891085004112,54.365080,-4.437772,,
04203,891085004203,54.358972,-4.522272,,
04403,891085004403,54.344730,-4.420290,,
04404,891085004404,54.354000,-4.411540,,
07103,891085007103,54.204061,-4.689009,,
07104,891085007104,54.204133,-4.689023,,
07105,891085007105,54.208339,-4.694158,,
07106,891085007106,54.208302,-4.694279,,
07107,891085007107,54.202153,-4.695283,,
07108,891085007108,54.203560,-4.694770,,
10209,891085010209,54.149474,-4.506061,,
10210,891085010210,54.149740,-4.503459,,
10713,891085010713,54.104472,-4.703160,,
11101,891085011101,54.185066,-4.498022,,
11103,891085011103,54.183083,-4.506657,,
11105,891085011105,54.188044,-4.511057,,
11107,891085011107,54.209835,-4.516867,,
11109,891085011109,54.217512,-4.518634,,
11111,891085011111,54.198829,-4.526033,,
11401,891085011401,54.158167,-4.638142,,
11402,891085011402,54.157463,-4.638448,,
11403,891085011403,54.147145,-4.638473,,
11404,891085011404,54.147037,-4.638470,,
11405,891085011405,54.131162,-4.638777,,
11406,891085011406,54.127788,-4.639603,,
11407,891085011407,54.122882,-4.640769,,
11408,891085011408,54.122605,-4.640860,,
12902,891085012902,54.13491263,-4.51967848,,
12903,891085012903,54.13227121,-4.53067885,,
12904,891085012904,54.13015796,-4.53881556,,
12905,891085012905,54.12466132,-4.5339857,,
12906,891085012906,54.12833429,-4.52322247,,
13101,891085013101,54.168677,-4.488489,,
13102,891085013102,54.168811,-4.488394,,
13103,891085013103,54.167112,-4.490576,,
13104,891085013104,54.167115,-4.490764,,
13105,891085013105,54.167439,-4.493110,,
13106,891085013106,54.167483,-4.493133,,
13110,891085013110,54.168688,-4.495205,,
13111,891085013111,54.166822,-4.488143,,
13112,891085013112,54.166749,-4.487995,,
13201,891085013201,54.169983,-4.434166,,
13202,891085013202,54.169993,-4.434217,,
13204,891085013204,54.1774233,-4.42635728,,
13308,891085013308,54.170752,-4.439598,,
14601,891085014601,54.33949308,-4.4608887,,
14602,891085014602,54.34045767,-4.46780997,,
14603,891085014603,54.34057346,-4.47078673,,
14604,891085014604,54.33988777,-4.46327372,,
14605,891085014605,54.34009184,-4.46574184,,
14606,891085014606,54.3407826,-4.47106348,,
17401,891085017401,54.14866563,-4.6873164,,
17402,891085017402,54.13785082,-4.70915722,,
20109,891085020109,54.14853427,-4.47406319,,
20130,891085020130,54.164584,-4.405041,,
20131,891085020131,54.163270,-4.487448,,
20132,891085020132,54.161842,-4.489599,,
20133,891085020133,54.158681,-4.492496,,
20135,891085020135,54.155817,-4.496131,,
20136,891085020136,54.155023,-4.499557,,
20137,891085020137,54.155128,-4.496200,,
20138,891085020138,54.155250,-4.493984,,
20139,891085020139,54.155818,-4.492349,,
20163,891085020163,54.14842032,-4.4809623,,
20165,891085020165,54.161750,-4.487540,,
40001,891085040001,54.147975,-4.486242,,
40002,891085040002,54.126432,-4.538455,,
40003,891085040003,54.118268,-4.584145,,
40004,891085040004,54.096112,-4.628800,,
40005,891085040005,54.088088,-4.642529,,
40006,891085040006,54.078846,-4.648706,,
40007,891085040007,54.091535,-4.674254,,
40008,891085040008,54.094544,-4.704111,,
40009,891085040009,54.091636,-4.721108,,
40010,891085040010,54.080728,-4.743191,,
40011,891085040011,54.084975,-4.757081,,
40021,891085040021,54.084975,-4.757081,,
40022,891085040022,54.080728,-4.743191,,
40023,891085040023,54.091636,-4.721108,,
40024,891085040024,54.094544,-4.704111,,
40025,891085040025,54.091535,-4.674254,,
40026,891085040026,54.078846,-4.648706,,
40027,891085040027,54.088088,-4.642529,,
40028,891085040028,54.096112,-4.628800,,
40029,891085040029,54.118268,-4.584145,,
40030,891085040030,54.126432,-4.538455,,
40031,891085040031,54.147975,-4.486242,,
40101,891085040101,54.153252,-4.493915,,
40102,891085040102,54.176949,-4.467018,,
40103,891085040103,54.216926,-4.684950,,
40104,891085040104,54.075178,-4.661307,,
40105,891085040105,54.320693,-4.392185,,
40106,891085040106,54.151992,-4.503858,,
40121,891085040121,54.163075,-4.484710,,
40124,891085040124,54.201800,-4.640953,,
40125,891085040125,54.221348,-4.683918,,
40126,891085040126,54.180568,-4.461951,,
40127,891085040127,54.154563,-4.529145,,
40128,891085040128,54.312424,-4.544874,,
40129,891085040129,54.169492,-4.635196,,
40130,891085040130,54.358549,-4.517913,,
40131,891085040131,54.143242,-4.513820,,
40132,891085040132,54.176597,-4.555616,,
40133,891085040133,54.085124,-4.743141,,
40134,891085040134,54.078286,-4.740692,,
40135,891085040135,54.155658,-4.518692,,
40136,891085040136,54.155658,-4.518692,,
40137,891085040137,54.319486,-4.490442,,
40138,891085040138,54.16174816,-4.48748408,,
50001,891085050001,54.167100,-4.460600,,
50002,891085050002,54.167100,-4.452900,,
50003,891085050003,54.168200,-4.448500,,
50004,891085050004,54.170700,-4.445000,,
50005,891085050005,54.170900,-4.442400,,
50006,891085050006,54.170100,-4.437400,,
50007,891085050007,54.170000,-4.434100,,
50008,891085050008,54.171700,-4.425500,,
50009,891085050009,54.177300,-4.426400,,
50010,891085050010,54.178200,-4.430600,,
50011,891085050011,54.184500,-4.427900,,
50012,891085050012,54.193900,-4.424300,,
50013,891085050013,54.196700,-4.419800,,
50014,891085050014,54.197500,-4.417400,,
50015,891085050015,54.202400,-4.412300,,
50016,891085050016,54.207000,-4.410200,,
50017,891085050017,54.207400,-4.406800,,
50018,891085050018,54.213400,-4.405800,,
50019,891085050019,54.221100,-4.399000,,
50020,891085050020,54.222500,-4.396800,,
50021,891085050021,54.224700,-4.394500,,
50022,891085050022,54.230300,-4.403700,,
50023,891085050023,54.232100,-4.405500,,
50024,891085050024,54.233700,-4.406000,,
50025,891085050025,54.229600,-4.395100,,
50026,891085050026,54.228100,-4.388700,,
50027,891085050027,54.231400,-4.378200,,
50028,891085050028,54.241600,-4.373300,,
50029,891085050029,54.249800,-4.376900,,
50030,891085050030,54.251600,-4.375300,,
50031,891085050031,54.254200,-4.372200,,
50032,891085050032,54.255800,-4.371600,,
50033,891085050033,54.258000,-4.371600,,
50034,891085050034,54.259500,-4.371900,,
50035,891085050035,54.262500,-4.375800,,
50036,891085050036,54.264400,-4.378400,,
50037,891085050037,54.267000,-4.377400,,
50038,891085050038,54.268700,-4.376500,,
50039,891085050039,54.270200,-4.375900,,
50040,891085050040,54.271600,-4.375200,,
50041,891085050041,54.274100,-4.375100,,
50042,891085050042,54.277600,-4.373400,,
50043,891085050043,54.279300,-4.369500,,
50044,891085050044,54.280400,-4.364900,,
50045,891085050045,54.283200,-4.357200,,
50046,891085050046,54.280900,-4.352800,,
50047,891085050047,54.278300,-4.345800,,
50048,891085050048,54.279900,-4.339400,,
50049,891085050049,54.282500,-4.335000,,
50050,891085050050,54.285100,-4.335400,,
50051,891085050051,54.288800,-4.336200,,
50052,891085050052,54.293300,-4.340900,,
50053,891085050053,54.297500,-4.346300,,
50054,891085050054,54.302100,-4.352200,,
50055,891085050055,54.309600,-4.361100,,
50056,891085050056,54.313500,-4.373300,,
50057,891085050057,54.315400,-4.376200,,
50058,891085050058,54.316600,-4.376200,,
50059,891085050059,54.317800,-4.377500,,
50060,891085050060,54.320000,-4.381000,,
50101,891085050101,54.320000,-4.381000,,
50102,891085050102,54.317800,-4.377500,,
50103,891085050103,54.316600,-4.376200,,
50104,891085050104,54.315400,-4.376200,,
50105,891085050105,54.313500,-4.373300,,
50106,891085050106,54.309600,-4.361100,,
50107,891085050107,54.302100,-4.352200,,
50108,891085050108,54.297500,-4.346300,,
50109,891085050109,54.293300,-4.340900,,
50110,891085050110,54.288800,-4.336200,,
50111,891085050111,54.285100,-4.335400,,
50112,891085050112,54.282500,-4.335000,,
50113,891085050113,54.279900,-4.339400,,
50114,891085050114,54.278300,-4.345800,,
50115,891085050115,54.280900,-4.352800,,
50116,891085050116,54.283200,-4.357200,,
50117,891085050117,54.280400,-4.364900,,
50118,891085050118,54.279300,-4.369500,,
50119,891085050119,54.277600,-4.373400,,
50120,891085050120,54.274100,-4.375100,,
50121,891085050121,54.271600,-4.375200,,
50122,891085050122,54.270200,-4.375900,,
50123,891085050123,54.268700,-4.376500,,
50124,891085050124,54.267000,-4.377400,,
50125,891085050125,54.264400,-4.378400,,
50126,891085050126,54.262500,-4.375800,,
50127,891085050127,54.259500,-4.371900,,
50128,891085050128,54.258000,-4.371600,,
50129,891085050129,54.255800,-4.371600,,
50130,891085050130,54.254200,-4.372200,,
50131,891085050131,54.251600,-4.375300,,
50132,891085050132,54.249800,-4.376900,,
50133,891085050133,54.241600,-4.373300,,
50134,891085050134,54.231400,-4.378200,,
50135,891085050135,54.228100,-4.388700,,
50136,891085050136,54.229600,-4.395100,,
50137,891085050137,54.233700,-4.406000,,
50138,891085050138,54.231800,-4.405500,,
50139,891085050139,54.230300,-4.403700,,
50140,891085050140,54.224700,-4.394500,,
50141,891085050141,54.222500,-4.396800,,
50142,891085050142,54.221100,-4.399000,,
50143,891085050143,54.213400,-4.405800,,
50144,891085050144,54.207400,-4.406800,,
50145,891085050145,54.207000,-4.410200,,
50146,891085050146,54.202400,-4.412300,,
50147,891085050147,54.197500,-4.417400,,
50148,891085050148,54.196700,-4.419800,,
50149,891085050149,54.193900,-4.424300,,
50150,891085050150,54.184500,-4.427900,,
50151,891085050151,54.178200,-4.430600,,
50152,891085050152,54.177300,-4.426400,,
50153,891085050153,54.171700,-4.425500,,
50154,891085050154,54.170000,-4.434100,,
50155,891085050155,54.170100,-4.437400,,
50156,891085050156,54.170900,-4.442400,,
50157,891085050157,54.170700,-4.445000,,
50158,891085050158,54.168200,-4.448500,,
50159,891085050159,54.167100,-4.452900,,
50160,891085050160,54.167100,-4.460600,,
50171,891085050171,54.251324,-4.463410,,
50172,891085050172,54.262091,-4.462981,,
60001,891085060001,54.167200,-4.460629,,
60002,891085060002,54.166028,-4.465134,,
60003,891085060003,54.164231,-4.468174,,
60004,891085060004,54.162871,-4.470438,,
60005,891085060005,54.160672,-4.473857,,
60006,891085060006,54.158497,-4.475888,,
60007,891085060007,,,,
60008,891085060008,,,,
60009,891085060009,,,,
60010,891085060010,,,,
60021,891085060021,,,,
60022,891085060022,,,,
60023,891085060023,,,,
60024,891085060024,,,,
60025,891085060025,,,,
60026,891085060026,,,,
60027,891085060027,54.160222,-4.474396,,
60028,891085060028,54.162679,-4.470897,,
60029,891085060029,54.164252,-4.468197,,
60030,891085060030,54.166345,-4.464062,,
60031,891085060031,54.167200,-4.460629,,
,SMR Mobitech,54.233540,-4.406397,,
,SMR Mobitech,54.232708,-4.405720,,
,SMR Mobitech,54.236958,-4.410540,,
,SMR Mobitech,54.241985,-4.417752,,
,SMR Mobitech,54.249828,-4.429410,,
,SMR Mobitech,54.249855,-4.429745,,
,SMR Mobitech,54.252045,-4.440122,,
,SMR Mobitech,54.251877,-4.438788,,
,SMR Mobitech,54.252277,-4.444402,,
,SMR Mobitech,54.253025,-4.448473,,
,SMR Mobitech,54.251934,-4.455435,,
,SMR Mobitech,54.251457,-4.459390,,
,SMR Mobitech,54.251274,-4.462153,,
,SMR Mobitech,54.251598,-4.464355,,
,SMR Mobitech,54.260502,-4.470168,,
,SMR Mobitech,54.261868,-4.469213,,
,SMR Mobitech,54.265839,-4.460595,,
,SMR Mobitech,54.265877,-4.460835,,
,SMR Mobitech,54.264072,-4.458285,,
,SMR Mobitech,54.243359,-4.419923,,
,SMR Mobitech,54.262489,-4.461401,,
,SMR Mobitech,54.262962,-4.459692,,
,SMR Mobitech,54.253265,-4.465812,,
,SMR Mobitech,54.251457,-4.459390,,
,SMR Mobitech,54.251598,-4.464355,,
01611,,54.157307,-4.520412,,
,,,,,
,,,,,