Stop No,NaPTAN,Latitude,Longitude
00101,8.91085E+11,54.14761003,-4.48579205
00102,8.91085E+11,54.14829532,-4.47701803
00104,8.91085E+11,54.14829532,-4.47701803
00108,8.91085E+11,54.14988836,-4.47717415
00109,8.91085E+11,54.14820652,-4.48205335
00110,8.91085E+11,54.14800016,-4.48417791
00111,8.91085E+11,54.14952541,-4.48993874
00112,8.91085E+11,54.15012248,-4.49418845
00113,8.91085E+11,54.15167871,-4.49911023
00114,8.91085E+11,54.15475762,-4.50115339
00115,8.91085E+11,54.149222,-4.477004
00117,8.91085E+11,54.15274684,-4.47837338
00118,8.91085E+11,54.15499342,-4.47840031
00119,8.91085E+11,54.15842245,-4.47610654
00120,8.91085E+11,54.16026905,-4.47441984
00121,8.91085E+11,54.16275925,-4.47095728
00122,8.91085E+11,54.16474855,-4.46769522
00123,8.91085E+11,54.16611469,-4.46522262
00124,8.91085E+11,54.16701181,-4.46085758
00125,8.91085E+11,54.15859503,-4.47979895
00126,8.91085E+11,54.16102294,-4.48212098
00127,8.91085E+11,54.16453583,-4.4837227
00128,8.91085E+11,54.14863819,-4.48058054
00129,8.91085E+11,54.15025876,-4.48107583
00130,8.91085E+11,54.15188888,-4.4834448
00131,8.91085E+11,54.15430445,-4.48481923
00132,8.91085E+11,54.15673189,-4.48586216
00133,8.91085E+11,54.15788381,-4.48666158
00134,8.91085E+11,54.16058351,-4.48530728
00135,8.91085E+11,54.16267873,-4.48353314
00136,8.91085E+11,54.1510257,-4.48714484
00137,8.91085E+11,54.15179136,-4.48957705
00138,8.91085E+11,54.15520135,-4.48803786
00139,8.91085E+11,54.15610012,-4.48931884
00140,8.91085E+11,54.15577662,-4.49213227
00141,8.91085E+11,54.15530003,-4.49391405
00142,8.91085E+11,54.15509004,-4.4961211
00143,8.91085E+11,54.15495303,-4.49956613
00144,8.91085E+11,54.15587286,-4.49654763
00145,8.91085E+11,54.15648235,-4.49411567
00148,8.91085E+11,54.15053793,-4.48377724
00149,8.91085E+11,54.15868006,-4.48879334
00150,8.91085E+11,54.15375043,-4.48724732
00151,8.91085E+11,54.1586366,-4.47896324
00152,8.91085E+11,54.16033607,-4.47749979
00153,8.91085E+11,54.1605555,-4.4824375
00154,8.91085E+11,54.16160644,-4.481041
00155,8.91085E+11,54.1626766,-4.4791687
00156,8.91085E+11,54.16300007,-4.47605737
00157,8.91085E+11,54.16401947,-4.47425385
00158,8.91085E+11,54.16452187,-4.47364761
00159,8.91085E+11,54.16682222,-4.47067848
00160,8.91085E+11,54.16655643,-4.48114044
00161,8.91085E+11,54.16859417,-4.47676483
00162,8.91085E+11,54.16920343,-4.47505044
00163,8.91085E+11,54.17012518,-4.47252466
00164,8.91085E+11,54.17061024,-4.47133948
00165,8.91085E+11,54.14688939,-4.48438962
00166,8.91085E+11,54.17069916,-4.46897675
00167,8.91085E+11,54.14949623,-4.48599135
00168,8.91085E+11,54.15321081,-4.48878928
00169,8.91085E+11,54.15001925,-4.50148202
00203,8.91085E+11,54.15021863,-4.50294054
00204,8.91085E+11,54.15035066,-4.50281267
00205,8.91085E+11,54.1520894,-4.50522553
00206,8.91085E+11,54.15209348,-4.50473537
00207,8.91085E+11,54.15309935,-4.50795812
00208,8.91085E+11,54.15287483,-4.50721749
00209,8.91085E+11,54.15197455,-4.51124282
00210,8.91085E+11,54.15280364,-4.51009013
00211,8.91085E+11,54.15113409,-4.51027193
00213,8.91085E+11,54.15114,-4.51005
00301,8.91085E+11,54.14126103,-4.53939678
00302,8.91085E+11,54.14127749,-4.54164125
00303,8.91085E+11,54.13995207,-4.54741609
00304,8.91085E+11,54.137643,-4.55617295
00305,8.91085E+11,54.13732466,-4.55688347
00306,8.91085E+11,54.13509279,-4.56233031
00307,8.91085E+11,54.13518406,-4.56186472
00308,8.91085E+11,54.13118517,-4.56612859
00309,8.91085E+11,54.13081356,-4.56616439
00310,8.91085E+11,54.123844,-4.57387916
00311,8.91085E+11,54.12378698,-4.57364498
00312,8.91085E+11,54.12121021,-4.5795382
00313,8.91085E+11,54.12109367,-4.57949759
00314,8.91085E+11,54.11789211,-4.58860308
00315,8.91085E+11,54.11894757,-4.5857894
00401,8.91085E+11,54.10110517,-4.62004756
00402,8.91085E+11,54.1008967,-4.62095468
00403,8.91085E+11,54.09944316,-4.62473403
00404,8.91085E+11,54.09950921,-4.6247974
00405,8.91085E+11,54.09791207,-4.62913979
00406,8.91085E+11,54.0983187,-4.62835422
00407,8.91085E+11,54.09671252,-4.6298577
00408,8.91085E+11,54.0959631,-4.62974174
00409,8.91085E+11,54.09418783,-4.63000224
00410,8.91085E+11,54.09450765,-4.62987352
00411,8.91085E+11,54.09829775,-4.63216085
00412,8.91085E+11,54.09841839,-4.63217355
00413,8.91085E+11,54.09509535,-4.64634451
00414,8.91085E+11,54.09517619,-4.64649053
00415,8.91085E+11,54.10503172,-4.64205443
00416,8.91085E+11,54.10505054,-4.64219193
00417,8.91085E+11,54.09626,-4.62523
00418,8.91085E+11,54.0964,-4.62491
00501,8.91085E+11,54.08896523,-4.63247221
00502,8.91085E+11,54.08896523,-4.63247221
00503,8.91085E+11,54.08672531,-4.63478189
00504,8.91085E+11,54.08672531,-4.63478189
00601,8.91085E+11,54.08230039,-4.64040601
00602,8.91085E+11,54.08233661,-4.64050479
00603,8.91085E+11,54.08067112,-4.64217932
00604,8.91085E+11,54.08112248,-4.6418458
00605,8.91085E+11,54.07921218,-4.64377696
00606,8.91085E+11,54.07909854,-4.64410426
00607,8.91085E+11,54.07805477,-4.64608947
00608,8.91085E+11,54.07816577,-4.64606198
00609,8.91085E+11,54.07778849,-4.64914188
00610,8.91085E+11,54.07791869,-4.64906394
00611,8.91085E+11,54.07692676,-4.65082648
00612,8.91085E+11,54.07681843,-4.6510706
00613,8.91085E+11,54.07527203,-4.65235219
00614,8.91085E+11,54.07527587,-4.65247153
00615,8.91085E+11,54.07315099,-4.65309805
00616,8.91085E+11,54.07296383,-4.65323944
00617,8.91085E+11,54.0738728,-4.65812946
00618,8.91085E+11,54.07379617,-4.65662197
00619,8.91085E+11,54.07548251,-4.6609998
00620,8.91085E+11,54.0750419,-4.65957307
00621,8.91085E+11,54.07693812,-4.663056
00622,8.91085E+11,54.0777661,-4.66328944
00623,8.91085E+11,54.07809438,-4.66416803
00701,8.91085E+11,54.0837282,-4.67455313
00702,8.91085E+11,54.08364127,-4.6744194
00703,8.91085E+11,54.09260393,-4.67513814
00704,8.91085E+11,54.09209182,-4.67527586
00705,8.91085E+11,54.0976938,-4.6768433
00706,8.91085E+11,54.09693193,-4.67578545
00707,8.91085E+11,54.09916524,-4.67807634
00708,8.91085E+11,54.09909077,-4.67790787
00709,8.91085E+11,54.10056979,-4.6802285
00710,8.91085E+11,54.1006649,-4.68043074
00711,8.91085E+11,54.09943491,-4.68307895
00712,8.91085E+11,54.09944576,-4.68331828
00801,8.91085E+11,54.08826584,-4.74848311
00802,8.91085E+11,54.08675783,-4.750068
00803,8.91085E+11,54.085017,-4.74948871
00804,8.91085E+11,54.08516779,-4.75369169
00805,8.91085E+11,54.0862883,-4.75593237
00806,8.91085E+11,54.0875366,-4.75106172
00807,8.91085E+11,54.08507298,-4.74893197
00808,8.91085E+11,54.08461489,-4.74613602
00809,8.91085E+11,54.08349158,-4.74409366
00810,8.91085E+11,54.0834945,-4.74417857
00811,8.91085E+11,54.08452011,-4.74619581
00812,8.91085E+11,54.08775344,-4.75595207
00813,8.91085E+11,54.08858391,-4.74778032
00818,8.91085E+11,54.087415,-4.75729
00901,8.91085E+11,54.08121198,-4.74294793
00902,8.91085E+11,54.08087796,-4.74277497
00903,8.91085E+11,54.07815668,-4.73999122
00904,8.91085E+11,54.0781126,-4.74016949
00905,8.91085E+11,54.07555346,-4.7375943
00906,8.91085E+11,54.07548289,-4.73777174
00907,8.91085E+11,54.07281225,-4.73939156
00908,8.91085E+11,54.07172868,-4.73876113
00909,8.91085E+11,54.07160953,-4.73764117
00910,8.91085E+11,54.07377111,-4.7386457
00911,8.91085E+11,54.078425,-4.74114
00912,8.91085E+11,54.079044,-4.74010016
00913,8.91085E+11,54.07887872,-4.74029093
01001,8.91085E+11,54.07475935,-4.75368679
01002,8.91085E+11,54.07461132,-4.75615195
01003,8.91085E+11,54.06973604,-4.76813303
01004,8.91085E+11,54.07086448,-4.76592629
01005,8.91085E+11,54.06366316,-4.79241912
01006,8.91085E+11,54.06984251,-4.76834679
01101,8.91085E+11,54.14779202,-4.52437752
01102,8.91085E+11,54.14739806,-4.52330178
01103,8.91085E+11,54.15154121,-4.53281963
01104,8.91085E+11,54.15288887,-4.53587004
01105,8.91085E+11,54.15392168,-4.53558308
01106,8.91085E+11,54.15067041,-4.53043057
01108,8.91085E+11,54.15078492,-4.52640002
01109,8.91085E+11,54.15108854,-4.52901048
01110,8.91085E+11,54.1542435,-4.53395334
01111,8.91085E+11,54.1534114,-4.53317553
01112,8.91085E+11,54.15157464,-4.5321506
01113,8.91085E+11,54.15681398,-4.53019602
01114,8.91085E+11,54.15698196,-4.52990906
01201,8.91085E+11,54.15408803,-4.53955131
01202,8.91085E+11,54.15414848,-4.53948991
01301,8.91085E+11,54.15449091,-4.57411017
01302,8.91085E+11,54.15457597,-4.57411775
01303,8.91085E+11,54.16505783,-4.59586388
01304,8.91085E+11,54.16546601,-4.59659603
01401,8.91085E+11,54.16730557,-4.60973138
01402,8.91085E+11,54.16735602,-4.60994232
01405,8.91085E+11,54.16026,-4.5882
01406,8.91085E+11,54.16041,-4.588085
01501,8.91085E+11,54.16924412,-4.63527633
01502,8.91085E+11,54.16939569,-4.63511252
01503,8.91085E+11,54.17071286,-4.63953109
01504,8.91085E+11,54.17112174,-4.63960065
01505,8.91085E+11,54.16981848,-4.6181562
01506,8.91085E+11,54.16989947,-4.61829418
01507,8.91085E+11,54.16925242,-4.63274018
01508,8.91085E+11,54.16935341,-4.63215026
01601,8.91085E+11,54.1561917,-4.50729968
01602,8.91085E+11,54.15639744,-4.50847117
01603,8.91085E+11,54.15648417,-4.50845084
01604,8.91085E+11,54.15713131,-4.51311758
01605,8.91085E+11,54.15724357,-4.51317508
01606,8.91085E+11,54.15796103,-4.51518279
01607,8.91085E+11,54.15809135,-4.51505559
01608,8.91085E+11,54.159511,-4.51332
01609,8.91085E+11,54.1596,-4.512428
01610,8.91085E+11,54.15866433,-4.51769443
01701,8.91085E+11,54.16140485,-4.50648751
01702,8.91085E+11,54.160436,-4.50412821
01703,8.91085E+11,54.16463543,-4.50616735
01704,8.91085E+11,54.1651836,-4.50639384
01705,8.91085E+11,54.16239257,-4.50736484
01711,8.91085E+11,54.16147153,-4.50739093
01712,8.91085E+11,54.16128999,-4.50742728
01801,8.91085E+11,54.17248773,-4.50603454
01802,8.91085E+11,54.17150987,-4.51647171
01803,8.91085E+11,54.17146442,-4.50770015
01804,8.91085E+11,54.17268462,-4.51143657
01805,8.91085E+11,54.17099083,-4.51011208
01807,8.91085E+11,54.17279691,-4.51171643
01808,8.91085E+11,54.17146442,-4.50770015
01809,8.91085E+11,54.17165197,-4.5153112
01810,8.91085E+11,54.17248773,-4.50603454
01811,8.91085E+11,54.17574762,-4.50829607
01812,8.91085E+11,54.17390874,-4.50860523
01813,8.91085E+11,54.17385506,-4.51361285
01813,8.91085E+11,54.17955341,-4.52068637
01901,8.91085E+11,54.16975207,-4.52378487
01902,8.91085E+11,54.16984413,-4.52337295
01903,8.91085E+11,54.17036823,-4.52744966
01904,8.91085E+11,54.17055062,-4.52816562
01905,8.91085E+11,54.16728934,-4.51779506
01906,8.91085E+11,54.17122601,-4.51784118
01907,8.91085E+11,54.16872843,-4.52205767
01908,8.91085E+11,54.1681574,-4.51923133
01909,8.91085E+11,54.17157803,-4.53658352
01910,8.91085E+11,54.17195898,-4.53658353
02001,8.91085E+11,54.17244248,-4.54234304
02002,8.91085E+11,54.17317134,-4.54536554
02003,8.91085E+11,54.17455692,-4.55067731
02004,8.91085E+11,54.174571,-4.55047973
02005,8.91085E+11,54.17666959,-4.55392086
02006,8.91085E+11,54.17606793,-4.55285474
02007,8.91085E+11,54.17802588,-4.55586233
02008,8.91085E+11,54.1779982,-4.55567595
02009,8.91085E+11,54.17520993,-4.54947349
02010,8.91085E+11,54.17694355,-4.54798821
02011,8.91085E+11,54.17520993,-4.54947349
02012,8.91085E+11,54.17694355,-4.54798821
02101,8.91085E+11,54.18237723,-4.56290414
02102,8.91085E+11,54.18249528,-4.56290332
02103,8.91085E+11,54.18332134,-4.56506221
02104,8.91085E+11,54.1839493,-4.56609998
02106,8.91085E+11,54.1847858,-4.56817123
02107,8.91085E+11,54.18624706,-4.57199824
02108,8.91085E+11,54.18629529,-4.5718826
02201,8.91085E+11,54.19031427,-4.58214115
02202,8.91085E+11,54.19032146,-4.58173888
02203,8.91085E+11,54.19341134,-4.5944539
02204,8.91085E+11,54.19324676,-4.59284993
02205,8.91085E+11,54.19605287,-4.60437938
02206,8.91085E+11,54.1954237,-4.60287607
02207,8.91085E+11,54.19694084,-4.60799207
02208,8.91085E+11,54.19718001,-4.60961721
02209,8.91085E+11,54.1977193,-4.61553164
02210,8.91085E+11,54.19762869,-4.61542733
02301,8.91085E+11,54.20226927,-4.62934208
02302,8.91085E+11,54.20229324,-4.62781183
02303,8.91085E+11,54.19553279,-4.63585594
02304,8.91085E+11,54.20229115,-4.62948501
02305,8.91085E+11,54.19656054,-4.63765073
02306,8.91085E+11,54.19549353,-4.63607254
02307,8.91085E+11,54.19936949,-4.6412008
02308,8.91085E+11,54.19566815,-4.63692922
02309,8.91085E+11,54.20144078,-4.64221593
02310,8.91085E+11,54.1993307,-4.64095667
02311,8.91085E+11,54.20306136,-4.63108506
02312,8.91085E+11,54.20146805,-4.64206693
02313,8.91085E+11,54.20325482,-4.63757836
02314,8.91085E+11,54.20334758,-4.6374892
02315,8.91085E+11,54.20312788,-4.64147071
02316,8.91085E+11,54.20340262,-4.64338795
02317,8.91085E+11,54.20332472,-4.64391433
02318,8.91085E+11,54.20325122,-4.63198242
02319,8.91085E+11,54.19111205,-4.63816535
02320,8.91085E+11,54.19111904,-4.63829763
02321,8.91085E+11,54.193663,-4.63699714
02323,8.91085E+11,54.200594,-4.643232
02324,8.91085E+11,54.2008,-4.64384
02401,8.91085E+11,54.21065009,-4.67308355
02402,8.91085E+11,54.21047493,-4.67238816
02403,8.91085E+11,54.21727483,-4.68593717
02404,8.91085E+11,54.2168466,-4.68500675
02405,8.91085E+11,54.21914896,-4.68913951
02406,8.91085E+11,54.21916189,-4.68897927
02407,8.91085E+11,54.21995477,-4.69158239
02408,8.91085E+11,54.22007219,-4.69060803
02409,8.91085E+11,54.22106932,-4.69484632
02410,8.91085E+11,54.22173556,-4.68956621
02411,8.91085E+11,54.22210242,-4.69735135
02412,8.91085E+11,54.22243123,-4.69091861
02413,8.91085E+11,54.22445361,-4.69643822
02414,8.91085E+11,54.22243123,-4.69091861
02415,8.91085E+11,54.22402744,-4.69233936
02416,8.91085E+11,54.22331107,-4.68895141
02417,8.91085E+11,54.22455459,-4.68967699
02418,8.91085E+11,54.22426144,-4.68544905
02419,8.91085E+11,54.22421933,-4.68524487
02420,8.91085E+11,54.22149271,-4.68041248
02421,8.91085E+11,54.22488838,-4.68299405
02422,8.91085E+11,54.22484969,-4.682822
02423,8.91085E+11,54.22601876,-4.67900625
02424,8.91085E+11,54.22592039,-4.67903533
02425,8.91085E+11,54.22679817,-4.67662229
02426,8.91085E+11,54.22651508,-4.67721634
02427,8.91085E+11,54.22059091,-4.69063702
02428,8.91085E+11,54.22352721,-4.67856546
02429,8.91085E+11,54.22266557,-4.67631738
02430,8.91085E+11,54.2210112,-4.67750578
02431,8.91085E+11,54.22170229,-4.68711716
02432,8.91085E+11,54.22158662,-4.68689378
02433,8.91085E+11,54.22084338,-4.68291803
02434,8.91085E+11,54.22679817,-4.67662229
02435,8.91085E+11,54.2177732,-4.6970273
02436,8.91085E+11,54.21773567,-4.69717734
02437,8.91085E+11,54.226666,-4.675921
02438,8.91085E+11,54.21921,-4.69502
02440,8.91085E+11,54.22139587,-4.68038856
02441,8.91085E+11,54.21992097,-4.67824905
02442,8.91085E+11,54.21994977,-4.67804135
02444,8.91085E+11,54.22094862,-4.68307689
02447,8.91085E+11,,
02501,8.91085E+11,54.23868405,-4.64733088
02502,8.91085E+11,54.23874945,-4.6468341
02503,8.91085E+11,54.24868298,-4.63863904
02504,8.91085E+11,54.24854913,-4.63858121
02505,8.91085E+11,54.26284943,-4.6180426
02506,8.91085E+11,54.26282245,-4.61795243
02507,8.91085E+11,54.23296475,-4.66099694
02508,8.91085E+11,54.23294676,-4.66082496
02601,8.91085E+11,54.27932034,-4.59026325
02602,8.91085E+11,54.27923223,-4.59019289
02603,8.91085E+11,54.28372277,-4.58723861
02604,8.91085E+11,54.28171982,-4.58784975
02605,8.91085E+11,54.28676688,-4.58337305
02606,8.91085E+11,54.28364792,-4.58711531
02607,8.91085E+11,54.283697,-4.58789
02608,8.91085E+11,54.28675042,-4.5831635
02609,8.91085E+11,54.28989524,-4.57990804
02610,8.91085E+11,54.28993631,-4.57975325
02701,8.91085E+11,54.30794066,-4.5497549
02702,8.91085E+11,54.30814089,-4.54874617
02703,8.91085E+11,54.31001132,-4.54077403
02704,8.91085E+11,54.30989735,-4.54070935
02801,8.91085E+11,54.31613316,-4.51249206
02802,8.91085E+11,54.31613316,-4.51249206
02901,8.91085E+11,54.31938585,-4.4923344
02902,8.91085E+11,54.31933393,-4.49220225
02903,8.91085E+11,54.32221279,-4.4804285
02904,8.91085E+11,54.32219326,-4.48004933
02905,8.91085E+11,54.32177344,-4.47174227
02906,8.91085E+11,54.32149456,-4.47156762
02908,8.91085E+11,54.32331209,-4.47391382
03001,8.91085E+11,54.321583,-4.460295
03002,8.91085E+11,54.32107,-4.46266
03003,8.91085E+11,54.320047,-4.446198
03004,8.91085E+11,54.319617,-4.44468
03005,8.91085E+11,54.3185931,-4.4345506
03006,8.91085E+11,54.31854,-4.434753
03007,8.91085E+11,54.31917937,-4.42512831
03008,8.91085E+11,54.31909838,-4.42365658
03101,8.91085E+11,54.16715877,-4.48591757
03102,8.91085E+11,54.16850003,-4.48591528
03103,8.91085E+11,54.17078764,-4.48520011
03104,8.91085E+11,54.17201541,-4.4847287
03105,8.91085E+11,54.17327659,-4.48405885
03106,8.91085E+11,54.1752672,-4.4813088
03107,8.91085E+11,54.17504472,-4.48053986
03108,8.91085E+11,54.17373621,-4.48110373
03109,8.91085E+11,54.17260821,-4.48234844
03110,8.91085E+11,54.17095217,-4.48149799
03111,8.91085E+11,54.16965086,-4.48124985
03112,8.91085E+11,54.16892383,-4.48229737
03113,8.91085E+11,54.16803235,-4.484527
03114,8.91085E+11,54.16844452,-4.48575598
03115,8.91085E+11,54.16652854,-4.48508278
03116,8.91085E+11,54.16863298,-4.48740485
03117,8.91085E+11,54.16899351,-4.48753374
03118,8.91085E+11,54.16980362,-4.48852866
03119,8.91085E+11,54.17048408,-4.4888896
03120,8.91085E+11,54.17178835,-4.48719217
03121,8.91085E+11,54.17116448,-4.48818288
03122,8.91085E+11,54.17510395,-4.48289208
03123,8.91085E+11,54.17428505,-4.48385114
03124,8.91085E+11,54.17677542,-4.48034143
03125,8.91085E+11,54.17683214,-4.47996172
03201,8.91085E+11,54.17226139,-4.46468215
03202,8.91085E+11,54.17218664,-4.46463143
03203,8.91085E+11,54.17279325,-4.46112452
03204,8.91085E+11,54.17275527,-4.46097731
03205,8.91085E+11,54.17315899,-4.45911163
03206,8.91085E+11,54.17316151,-4.45850805
03207,8.91085E+11,54.1742403,-4.45567883
03208,8.91085E+11,54.17422741,-4.45532777
03209,8.91085E+11,54.17671058,-4.45109124
03210,8.91085E+11,54.17554608,-4.45296083
03211,8.91085E+11,54.16766944,-4.45161875
03212,8.91085E+11,54.16735932,-4.45193547
03213,8.91085E+11,54.16911931,-4.45142538
03214,8.91085E+11,54.16916436,-4.45127452
03215,8.91085E+11,54.16925946,-4.45288648
03216,8.91085E+11,54.16946965,-4.45232558
03217,8.91085E+11,54.17075199,-4.45337935
03218,8.91085E+11,54.17078383,-4.4531799
03219,8.91085E+11,54.17273623,-4.45392192
03220,8.91085E+11,54.17328795,-4.45389055
03221,8.91085E+11,54.17407806,-4.45428366
03222,8.91085E+11,54.16977782,-4.46050168
03223,8.91085E+11,54.16988476,-4.46052105
03224,8.91085E+11,54.17198352,-4.45821076
03225,8.91085E+11,54.17193656,-4.45838893
03226,8.91085E+11,54.16766944,-4.45161875
03227,8.91085E+11,54.16735932,-4.45193547
03301,8.91085E+11,54.18373275,-4.44249268
03302,8.91085E+11,54.18504666,-4.44074344
03303,8.91085E+11,54.18694258,-4.43888092
03304,8.91085E+11,54.18667478,-4.43898716
03305,8.91085E+11,54.19157076,-4.43058766
03306,8.91085E+11,54.19052029,-4.4322406
03307,8.91085E+11,54.19379797,-4.42532184
03308,8.91085E+11,54.19400848,-4.42405528
03309,8.91085E+11,54.1976453,-4.41750081
03310,8.91085E+11,54.19743553,-4.41735502
03311,8.91085E+11,54.20167369,-4.41263647
03312,8.91085E+11,54.20029093,-4.41397586
03313,8.91085E+11,54.20502431,-4.41032089
03314,8.91085E+11,54.2046652,-4.41015306
03315,8.91085E+11,54.20741803,-4.40704215
03316,8.91085E+11,54.20718057,-4.40678741
03317,8.91085E+11,54.2127955,-4.40682588
03318,8.91085E+11,54.21190457,-4.40674276
03319,8.91085E+11,54.21601064,-4.40440075
03320,8.91085E+11,54.21597609,-4.40419458
03322,8.91085E+11,54.19373391,-4.42523499
03401,8.91085E+11,54.21855125,-4.40103103
03402,8.91085E+11,54.21868686,-4.40076738
03403,8.91085E+11,54.22106904,-4.40011777
03404,8.91085E+11,54.22114062,-4.39954787
03405,8.91085E+11,54.22463432,-4.39569677
03406,8.91085E+11,54.22466995,-4.39555953
03407,8.91085E+11,54.22596765,-4.39716252
03408,8.91085E+11,54.22603949,-4.39706251
03409,8.91085E+11,54.22901574,-4.40339524
03410,8.91085E+11,54.22919033,-4.40336749
03411,8.91085E+11,54.23123632,-4.40654857
03412,8.91085E+11,54.2302906,-4.40467862
03413,8.91085E+11,54.23329778,-4.40615113
03414,8.91085E+11,54.23204315,-4.40611156
03415,8.91085E+11,54.231765,-4.40209548
03416,8.91085E+11,54.23388624,-4.40536348
03418,8.91085E+11,54.23198604,-4.40264232
03431,8.91085E+11,54.23387422,-4.40756933
03501,8.91085E+11,54.23065902,-4.39701824
03502,8.91085E+11,54.23064112,-4.39637689
03503,8.91085E+11,54.22893867,-4.3879012
03504,8.91085E+11,54.22873378,-4.38768008
03601,8.91085E+11,54.249862,-4.377383
03602,8.91085E+11,54.2497943,-4.37713276
03603,8.91085E+11,54.258287,-4.371969
03604,8.91085E+11,54.259345,-4.371956
03605,8.91085E+11,54.242127,-4.378006
03606,8.91085E+11,54.242135,-4.377883
03607,8.91085E+11,54.242163,-4.373369
03608,8.91085E+11,54.242092,-4.373349
03701,8.91085E+11,54.27056703,-4.37719075
03702,8.91085E+11,54.27150234,-4.37688351
03703,8.91085E+11,54.2715097,-4.37705289
03705,8.91085E+11,54.27436646,-4.37647702
03706,8.91085E+11,54.27435044,-4.37632249
03707,8.91085E+11,54.27985398,-4.37596312
03708,8.91085E+11,54.27982534,-4.37560091
03709,8.91085E+11,54.29333869,-4.3679878
03710,8.91085E+11,54.29226171,-4.36873645
03711,8.91085E+11,54.26710494,-4.37783763
03712,8.91085E+11,54.26709575,-4.37770196
03713,8.91085E+11,54.281831,-4.373507
03714,8.91085E+11,54.281809,-4.373373
03800,8.91085E+11,54.32054172,-4.3848397
03801,8.91085E+11,54.32127778,-4.40513296
03802,8.91085E+11,54.3211465,-4.40536919
03803,8.91085E+11,54.3209375,-4.39807672
03804,8.91085E+11,54.32086577,-4.39813083
03805,8.91085E+11,54.32076696,-4.39514426
03806,8.91085E+11,54.3208173,-4.39232107
03807,8.91085E+11,54.32202958,-4.38979144
03808,8.91085E+11,54.32197331,-4.38965531
03809,8.91085E+11,54.31418165,-4.37362659
03810,8.91085E+11,54.31390921,-4.37339197
03811,8.91085E+11,54.31603068,-4.3744308
03812,8.91085E+11,54.31654311,-4.37450198
03813,8.91085E+11,54.31800642,-4.37603628
03814,8.91085E+11,54.31880109,-4.37726365
03815,8.91085E+11,54.31908579,-4.37797034
03816,8.91085E+11,54.320684,-4.38088019
03817,8.91085E+11,54.32086912,-4.38187675
03818,8.91085E+11,54.32314306,-4.38823187
03819,8.91085E+11,54.32325943,-4.38862923
03820,8.91085E+11,54.32353295,-4.38789475
03821,8.91085E+11,54.32462849,-4.38810371
03822,8.91085E+11,54.32454166,-4.38825308
03823,8.91085E+11,54.32608106,-4.38944947
03824,8.91085E+11,54.32613911,-4.38959587
03825,8.91085E+11,54.32880503,-4.39156507
03826,8.91085E+11,54.32885426,-4.39170251
03827,8.91085E+11,54.3234545,-4.38768905
03828,8.91085E+11,54.32822424,-4.3932872
03829,8.91085E+11,54.32937408,-4.39969278
03830,8.91085E+11,54.32953334,-4.40133029
03831,8.91085E+11,54.33498635,-4.39156944
03832,8.91085E+11,54.33501242,-4.39165987
03833,8.91085E+11,54.33282544,-4.39385148
03834,8.91085E+11,54.33192821,-4.39374706
03835,8.91085E+11,54.33670389,-4.39532185
03836,8.91085E+11,54.33662756,-4.39549894
03837,8.91085E+11,54.337354,-4.38671
03838,8.91085E+11,54.337054,-4.387147
03841,8.91085E+11,54.31844543,-4.38266701
03842,8.91085E+11,54.3168412,-4.38238347
03843,8.91085E+11,54.31703199,-4.37990769
03844,8.91085E+11,54.31803318,-4.37729717
03847,8.91085E+11,54.32049635,-4.38477957
03860,8.91085E+11,54.32602842,-4.38403001
03861,8.91085E+11,54.32428996,-4.38166212
03863,8.91085E+11,54.335674,-4.383997
03869,8.91085E+11,54.33357742,-4.39581245
03870,8.91085E+11,54.33314865,-4.39819194
03871,8.91085E+11,54.33159558,-4.40009379
03872,8.91085E+11,54.3300825,-4.40046741
03876,8.91085E+11,54.3296103,-4.39545383
03880,8.91085E+11,54.32777059,-4.38242649
03885,8.91085E+11,54.3218734,-4.37769703
03886,8.91085E+11,54.32162225,-4.37768746
03887,8.91085E+11,54.32015548,-4.37646278
03888,8.91085E+11,54.31898934,-4.3756653
03889,8.91085E+11,54.31833439,-4.37608917
03890,8.91085E+11,54.31855434,-4.38081501
03891,8.91085E+11,54.32119927,-4.40104697
03892,8.91085E+11,54.32108942,-4.40106917
03893,8.91085E+11,54.31849458,-4.38093703
03895,8.91085E+11,54.33655718,-4.38802287
03896,8.91085E+11,54.31701123,-4.38381545
03901,8.91085E+11,54.300422,-4.364182
03902,8.91085E+11,54.298593,-4.363841
03903,8.91085E+11,54.31127351,-4.36630623
03906,8.91085E+11,54.31001623,-4.36423905
03912,8.91085E+11,54.306759,-4.357921
04007,8.91085E+11,54.41243544,-4.36797276
04109,8.91085E+11,54.37410747,-4.43746373
04110,8.91085E+11,54.37317155,-4.43855922
04201,8.91085E+11,54.35806566,-4.51671498
04202,8.91085E+11,54.35778996,-4.51529654
04204,8.91085E+11,54.35981513,-4.52139143
04205,8.91085E+11,54.36093732,-4.524474
04206,8.91085E+11,54.36100941,-4.52434512
04207,8.91085E+11,54.36278727,-4.52310199
04208,8.91085E+11,54.36274265,-4.52309479
04209,8.91085E+11,54.36356387,-4.51678893
04210,8.91085E+11,54.36349304,-4.51676674
04211,8.91085E+11,54.36388239,-4.50092643
04212,8.91085E+11,54.36380098,-4.50085545
04213,8.91085E+11,54.35709394,-4.52928396
04214,8.91085E+11,54.38184583,-4.49678856
04215,8.91085E+11,54.37493538,-4.50856247
04301,8.91085E+11,54.34615344,-4.50258219
04302,8.91085E+11,54.34665617,-4.50359447
04401,8.91085E+11,54.34892522,-4.41493249
04402,8.91085E+11,54.34902467,-4.41472442
04501,8.91085E+11,54.35445207,-4.38411473
04502,8.91085E+11,54.35427234,-4.38390241
04601,8.91085E+11,54.330102,-4.420353
04602,8.91085E+11,54.330661,-4.416801
04701,8.91085E+11,54.33236833,-4.55278143
04702,8.91085E+11,54.35402482,-4.53478049
04703,8.91085E+11,54.31706685,-4.5496468
04801,8.91085E+11,54.26910481,-4.60949085
04802,8.91085E+11,54.26905473,-4.60935867
04803,8.91085E+11,54.27335175,-4.60186734
04804,8.91085E+11,54.27319777,-4.60192633
07101,8.91085E+11,54.21138775,-4.69484542
07102,8.91085E+11,54.21176837,-4.69619238
07201,8.91085E+11,54.19328852,-4.70112775
07202,8.91085E+11,54.1933121,-4.70128689
07203,8.91085E+11,54.18471755,-4.70399731
07204,8.91085E+11,54.1848235,-4.70426788
07205,8.91085E+11,54.18155631,-4.70860519
07206,8.91085E+11,54.18189918,-4.70755163
07301,8.91085E+11,54.16869549,-4.7293163
07302,8.91085E+11,54.16885894,-4.72946267
07401,8.91085E+11,54.16436539,-4.73903289
10201,8.91085E+11,54.14969569,-4.50331206
10202,8.91085E+11,54.14946301,-4.50608252
10203,8.91085E+11,54.14861019,-4.50809949
10204,8.91085E+11,54.1477248,-4.50978438
10207,8.91085E+11,54.14852398,-4.50925571
10208,8.91085E+11,54.15010962,-4.50908442
10301,8.91085E+11,54.14979511,-4.51551767
10302,8.91085E+11,54.1497574,-4.51588538
10303,8.91085E+11,54.1479984,-4.51823734
10304,8.91085E+11,54.14786958,-4.518658
10305,8.91085E+11,54.14575979,-4.5219467
10306,8.91085E+11,54.14553018,-4.52318642
10311,8.91085E+11,54.15086261,-4.51589961
10312,8.91085E+11,54.15102596,-4.51850056
10313,8.91085E+11,54.15067039,-4.52066167
10314,8.91085E+11,54.14937032,-4.52182158
10315,8.91085E+11,54.14799051,-4.5211009
10316,8.91085E+11,54.14825016,-4.51865661
10317,8.91085E+11,54.14935512,-4.51694648
10401,8.91085E+11,54.11423002,-4.59559963
10402,8.91085E+11,54.11479159,-4.59501868
10403,8.91085E+11,54.10709706,-4.60677762
10404,8.91085E+11,54.10716778,-4.60682933
10406,8.91085E+11,54.11338137,-4.59853719
10407,8.91085E+11,54.10433307,-4.61563954
10408,8.91085E+11,54.10506499,-4.61359484
10701,8.91085E+11,54.09651895,-4.69649613
10702,8.91085E+11,54.09637399,-4.69811695
10703,8.91085E+11,54.09612048,-4.70526516
10704,8.91085E+11,54.09624572,-4.70517343
10705,8.91085E+11,54.09566636,-4.7102195
10706,8.91085E+11,54.09557067,-4.71065133
10707,8.91085E+11,54.09354836,-4.71676795
10708,8.91085E+11,54.09363547,-4.71685196
10709,8.91085E+11,54.09232606,-4.72124118
10710,8.91085E+11,54.09250043,-4.72101707
10711,8.91085E+11,54.09167107,-4.72562764
10712,8.91085E+11,54.09185413,-4.72527442
11301,8.91085E+11,54.13497527,-4.60900549
11501,8.91085E+11,54.17765271,-4.64246973
11502,8.91085E+11,54.17737837,-4.64230404
11503,8.91085E+11,54.18129393,-4.64152033
11504,8.91085E+11,54.18120678,-4.64139507
11801,8.91085E+11,54.08494988,-4.72053805
11802,8.91085E+11,54.08506248,-4.72056836
11803,8.91085E+11,54.08410891,-4.72698124
11804,8.91085E+11,54.08418651,-4.72707609
11901,8.91085E+11,54.09034483,-4.73348115
11902,8.91085E+11,54.09044785,-4.73395637
11903,8.91085E+11,54.09201135,-4.74150286
11904,8.91085E+11,54.09214425,-4.74163598
11905,8.91085E+11,54.09177357,-4.74297149
11906,8.91085E+11,54.09152637,-4.74340696
11907,8.91085E+11,54.09037936,-4.74460369
11908,8.91085E+11,54.09041862,-4.74471135
12101,8.91085E+11,54.15156508,-4.5216578
12102,8.91085E+11,54.15431594,-4.52589087
12103,8.91085E+11,54.15517706,-4.52698488
12104,8.91085E+11,54.1567901,-4.52644754
12105,8.91085E+11,54.15679155,-4.52625417
12106,8.91085E+11,54.1543567,-4.52579074
12107,8.91085E+11,54.15305027,-4.52297785
12108,8.91085E+11,54.15164428,-4.52146888
12501,8.91085E+11,54.21789189,-4.63300061
12502,8.91085E+11,54.21896684,-4.63112076
12503,8.91085E+11,54.22697713,-4.61841715
12504,8.91085E+11,54.225885,-4.61703999
12505,8.91085E+11,54.24050155,-4.60769706
12506,8.91085E+11,54.24067895,-4.60727204
12601,8.91085E+11,54.26053444,-4.58159098
12602,8.91085E+11,54.26040897,-4.58153093
12603,8.91085E+11,54.27599234,-4.58042688
12604,8.91085E+11,54.2746066,-4.57922811
12701,8.91085E+11,54.29877891,-4.57120893
12702,8.91085E+11,54.29871651,-4.57108746
12703,8.91085E+11,54.30260481,-4.56546265
12704,8.91085E+11,54.30246073,-4.56553716
12705,8.91085E+11,54.29346242,-4.57702119
12706,8.91085E+11,54.29342898,-4.57681931
12901,8.91085E+11,54.1350058,-4.51974109
13001,8.91085E+11,54.14318421,-4.50411539
13002,8.91085E+11,54.14289706,-4.50526515
13107,8.91085E+11,54.1689823,-4.49675831
13108,8.91085E+11,54.16896178,-4.49731862
13203,8.91085E+11,54.17734912,-4.42656733
13205,8.91085E+11,54.17795399,-4.430613
13206,8.91085E+11,54.17812406,-4.43052474
13301,8.91085E+11,54.16837046,-4.44854017
13302,8.91085E+11,54.16641387,-4.45092382
13303,8.91085E+11,54.17079048,-4.4448972
13304,8.91085E+11,54.16947544,-4.44651266
13305,8.91085E+11,54.17105205,-4.44223198
13306,8.91085E+11,54.17091424,-4.44239164
13307,8.91085E+11,54.17009,-4.4341
13309,8.91085E+11,54.17023,-4.43734
13310,8.91085E+11,54.169993,-4.434217
13401,8.91085E+11,54.17896288,-4.47832703
13402,8.91085E+11,54.1787943,-4.47832338
13403,8.91085E+11,54.17907981,-4.47586314
13404,8.91085E+11,54.17753117,-4.47441268
13405,8.91085E+11,54.17753884,-4.47279609
13406,8.91085E+11,54.18112061,-4.47798377
13407,8.91085E+11,54.17905183,-4.47596921
13410,8.91085E+11,54.17570904,-4.47271216
13411,8.91085E+11,54.17528069,-4.47531922
13412,8.91085E+11,54.17696429,-4.47628748
13413,8.91085E+11,54.17837701,-4.4765831
13501,8.91085E+11,54.22796378,-4.39412551
13502,8.91085E+11,54.2279111,-4.39390366
13503,8.91085E+11,54.22762012,-4.39617816
13505,8.91085E+11,54.22732615,-4.39536436
13506,8.91085E+11,54.22830125,-4.39906645
13507,8.91085E+11,54.22754825,-4.39620745
13508,8.91085E+11,54.22924008,-4.39516454
13701,8.91085E+11,54.17722499,-4.45071956
13702,8.91085E+11,54.17849211,-4.45017662
13703,8.91085E+11,54.1799446,-4.45065841
13704,8.91085E+11,54.17911365,-4.45288965
13705,8.91085E+11,54.17752568,-4.45343221
13706,8.91085E+11,54.17722499,-4.45071956
13707,8.91085E+11,54.17849211,-4.45017662
13708,8.91085E+11,54.1799446,-4.45065841
13709,8.91085E+11,54.17911365,-4.45288965
13710,8.91085E+11,54.17752568,-4.45343221
13801,8.91085E+11,54.1699112,-4.44902317
13802,8.91085E+11,54.1695471,-4.44938193
13803,8.91085E+11,54.17103429,-4.4487543
13804,8.91085E+11,54.17075344,-4.44894915
13805,8.91085E+11,54.17205494,-4.44892495
13806,8.91085E+11,54.17165898,-4.44844539
13807,8.91085E+11,54.17346676,-4.45011062
13809,8.91085E+11,54.17460739,-4.44779923
13810,8.91085E+11,54.17439868,-4.44856687
13811,8.91085E+11,54.17481139,-4.44537817
13812,8.91085E+11,54.17470114,-4.44446327
13813,8.91085E+11,54.17557757,-4.44422352
13814,8.91085E+11,54.17594333,-4.44443359
13815,8.91085E+11,54.17649668,-4.44610136
13816,8.91085E+11,54.17715386,-4.44578142
13817,8.91085E+11,54.17740301,-4.44738117
13818,8.91085E+11,54.17747293,-4.44724539
13901,8.91085E+11,54.17538105,-4.45705757
13902,8.91085E+11,54.17557018,-4.45710235
13903,8.91085E+11,54.17649872,-4.46045523
13904,8.91085E+11,54.17660319,-4.46039799
13905,8.91085E+11,54.17824674,-4.46474233
13906,8.91085E+11,54.1782418,-4.46385886
13907,8.91085E+11,54.1792477,-4.46907797
13908,8.91085E+11,54.1787531,-4.46703232
13909,8.91085E+11,54.17928354,-4.4675793
13910,8.91085E+11,54.18104013,-4.47020429
13911,8.91085E+11,54.18238286,-4.47158036
13912,8.91085E+11,54.18332109,-4.46929963
13913,8.91085E+11,54.18144847,-4.46463843
13914,8.91085E+11,54.17929366,-4.46327653
14801,8.91085E+11,54.25161165,-4.46333436
14802,8.91085E+11,54.25043834,-4.46320915
14803,8.91085E+11,54.29540633,-4.40573722
14804,8.91085E+11,54.29481696,-4.40564338
20101,8.91085E+11,54.15502963,-4.50099044
20102,8.91085E+11,54.15253355,-4.49955735
20103,8.91085E+11,54.15067519,-4.49621402
20104,8.91085E+11,54.14987435,-4.49118854
20106,8.91085E+11,54.15069347,-4.48374168
20107,8.91085E+11,54.15046332,-4.48108715
20108,8.91085E+11,54.14933194,-4.47822838
20112,8.91085E+11,54.16691487,-4.46067395
20113,8.91085E+11,54.16597,-4.46512791
20114,8.91085E+11,54.16423515,-4.46809361
20115,8.91085E+11,54.16280257,-4.470441
20116,8.91085E+11,54.16061721,-4.47378208
20117,8.91085E+11,54.15848451,-4.47580772
20118,8.91085E+11,54.15657616,-4.47727922
20119,8.91085E+11,54.15446519,-4.47797587
20120,8.91085E+11,54.15115135,-4.47774244
20121,8.91085E+11,54.15873405,-4.47978
20122,8.91085E+11,54.1616508,-4.48226917
20123,8.91085E+11,54.16454501,-4.48345193
20124,8.91085E+11,54.16280635,-4.48327745
20125,8.91085E+11,54.16093185,-4.48482892
20126,8.91085E+11,54.15748113,-4.48619674
20127,8.91085E+11,54.15616828,-4.48534052
20128,8.91085E+11,54.15499426,-4.48467953
20129,8.91085E+11,54.15266813,-4.48388539
20134,8.91085E+11,54.15687925,-4.49297881
20140,8.91085E+11,54.15618308,-4.48925443
20141,8.91085E+11,54.15514939,-4.48785952
20142,8.91085E+11,54.15171168,-4.48913471
20143,8.91085E+11,54.1509542,-4.48662826
20144,8.91085E+11,54.15371431,-4.48695002
20145,8.91085E+11,54.16037304,-4.48230495
20146,8.91085E+11,54.16227754,-4.47965312
20147,8.91085E+11,54.16331283,-4.47516531
20148,8.91085E+11,54.16482585,-4.47312557
20149,8.91085E+11,54.16641559,-4.47099006
20150,8.91085E+11,54.17057948,-4.46881119
20151,8.91085E+11,54.15953002,-4.47777574
20152,8.91085E+11,54.15857029,-4.47889173
20153,8.91085E+11,54.1666144,-4.48070926
20154,8.91085E+11,54.16845675,-4.4766057
20155,8.91085E+11,54.16928779,-4.47442285
20156,8.91085E+11,54.1700272,-4.47245845
20157,8.91085E+11,54.17067217,-4.47082759
20158,8.91085E+11,54.14652256,-4.48338085
20159,8.91085E+11,54.15702643,-4.49410674
20160,8.91085E+11,54.14884425,-4.48725076
20161,8.91085E+11,54.14923198,-4.48229866
20162,8.91085E+11,54.14952567,-4.48630737
20164,8.91085E+11,54.14926076,-4.4754441
20166,8.91085E+11,54.1569473,-4.49422069
20167,8.91085E+11,54.15336972,-4.4886429
20168,8.91085E+11,54.15060937,-4.49974598
00146,8.91085E+11,54.161055,-4.486543
00147,8.91085E+11,54.163912,-4.484054
00212,8.91085E+11,54.152189,-4.508938
00624,8.91085E+11,54.078528,-4.656419
00625,8.91085E+11,54.078561,-4.657077
00627,8.91085E+11,54.079252,-4.660688
00714,8.91085E+11,54.099067,-4.684482
00715,8.91085E+11,54.110941,-4.681999
00800,8.91085E+11,54.084655,-4.756092
00814,8.91085E+11,54.092801,-4.76347
00815,8.91085E+11,54.083937,-4.742091
00816,8.91085E+11,54.083929,-4.742809
00817,8.91085E+11,54.084673,-4.755465
01806,8.91085E+11,54.17339,-4.503642
02443,8.91085E+11,54.220813,-4.677843
02445,8.91085E+11,54.226727,-4.676706
02446,8.91085E+11,54.222909,-4.676501
02448,8.91085E+11,,
03432,8.91085E+11,54.23743,-4.408456
03433,8.91085E+11,54.235158,-4.407133
03434,8.91085E+11,54.234083,-4.406447
03715,8.91085E+11,54.289732,-4.370158
03716,8.91085E+11,54.289759,-4.370028
03717,8.91085E+11,54.28547,-4.371111
03718,8.91085E+11,54.285599,-4.370925
03848,8.91085E+11,54.321225,-4.386742
03849,8.91085E+11,54.319852,-4.387701
03850,8.91085E+11,54.316866,-4.388414
03851,8.91085E+11,54.315286,-4.389222
03852,8.91085E+11,54.315993,-4.391757
03853,8.91085E+11,54.317079,-4.39021
03854,8.91085E+11,54.317995,-4.388173
03855,8.91085E+11,54.31898,-4.388043
03856,8.91085E+11,54.320782,-4.387248
03857,8.91085E+11,54.322778,-4.393889
03858,8.91085E+11,54.322778,-4.396667
03859,8.91085E+11,54.322072,-4.398076
03864,8.91085E+11,54.333889,-4.389591
03865,8.91085E+11,54.333019,-4.389903
03866,8.91085E+11,54.333067,-4.392088
03867,8.91085E+11,54.333793,-4.39061
03868,8.91085E+11,54.334978,-4.390804
03873,8.91085E+11,54.328777,-4.401379
03874,8.91085E+11,54.328145,-4.400136
03875,8.91085E+11,54.328431,-4.397771
03877,8.91085E+11,54.323154,-4.386096
03878,8.91085E+11,54.323292,-4.386409
03879,8.91085E+11,54.322749,-4.383568
03881,8.91085E+11,54.32225,-4.381926
03882,8.91085E+11,54.32287,-4.384794
03904,8.91085E+11,54.301477,-4.354912
03907,8.91085E+11,54.292629,-4.341839
03908,8.91085E+11,54.287654,-4.338374
03909,8.91085E+11,54.298834,-4.318464
03910,8.91085E+11,54.308295,-4.349196
04001,8.91085E+11,54.377082,-4.392836
04002,8.91085E+11,54.37719,-4.392822
04003,8.91085E+11,54.380797,-4.391533
04004,8.91085E+11,54.380835,-4.391824
04005,8.91085E+11,54.382907,-4.390012
04006,8.91085E+11,54.382761,-4.3899
04008,8.91085E+11,54.380573,-4.389777
04101,8.91085E+11,54.363023,-4.453991
04102,8.91085E+11,54.36293,-4.454088
04103,8.91085E+11,54.36781216,-4.44380808
04104,8.91085E+11,54.36822,-4.44301
04105,8.91085E+11,54.37076022,-4.44050621
04106,8.91085E+11,54.37072885,-4.4403547
04107,8.91085E+11,54.38712192,-4.44625398
04108,8.91085E+11,54.38640943,-4.45014782
04111,8.91085E+11,54.364962,-4.43767
04112,8.91085E+11,54.36508,-4.437772
04203,8.91085E+11,54.358972,-4.522272
04403,8.91085E+11,54.34473,-4.42029
04404,8.91085E+11,54.354,-4.41154
07103,8.91085E+11,54.204061,-4.689009
07104,8.91085E+11,54.204133,-4.689023
07105,8.91085E+11,54.208339,-4.694158
07106,8.91085E+11,54.208302,-4.694279
07107,8.91085E+11,54.202153,-4.695283
07108,8.91085E+11,54.20356,-4.69477
10209,8.91085E+11,54.149474,-4.506061
10210,8.91085E+11,54.14974,-4.503459
10713,8.91085E+11,54.104472,-4.70316
11101,8.91085E+11,54.185066,-4.498022
11103,8.91085E+11,54.183083,-4.506657
11105,8.91085E+11,54.188044,-4.511057
11107,8.91085E+11,54.209835,-4.516867
11109,8.91085E+11,54.217512,-4.518634
11111,8.91085E+11,54.198829,-4.526033
11401,8.91085E+11,54.158167,-4.638142
11402,8.91085E+11,54.157463,-4.638448
11403,8.91085E+11,54.147145,-4.638473
11404,8.91085E+11,54.147037,-4.63847
11405,8.91085E+11,54.131162,-4.638777
11406,8.91085E+11,54.127788,-4.639603
11407,8.91085E+11,54.122882,-4.640769
11408,8.91085E+11,54.122605,-4.64086
12902,8.91085E+11,54.13491263,-4.51967848
12903,8.91085E+11,54.13227121,-4.53067885
12904,8.91085E+11,54.13015796,-4.53881556
12905,8.91085E+11,54.12466132,-4.5339857
12906,8.91085E+11,54.12833429,-4.52322247
13101,8.91085E+11,54.168677,-4.488489
13102,8.91085E+11,54.168811,-4.488394
13103,8.91085E+11,54.167112,-4.490576
13104,8.91085E+11,54.167115,-4.490764
13105,8.91085E+11,54.167439,-4.49311
13106,8.91085E+11,54.167483,-4.493133
13110,8.91085E+11,54.168688,-4.495205
13111,8.91085E+11,54.166822,-4.488143
13112,8.91085E+11,54.166749,-4.487995
13201,8.91085E+11,54.169983,-4.434166
13202,8.91085E+11,54.169993,-4.434217
13204,8.91085E+11,54.1774233,-4.42635728
13308,8.91085E+11,54.170752,-4.439598
14601,8.91085E+11,54.33949308,-4.4608887
14602,8.91085E+11,54.34045767,-4.46780997
14603,8.91085E+11,54.34057346,-4.47078673
14604,8.91085E+11,54.33988777,-4.46327372
14605,8.91085E+11,54.34009184,-4.46574184
14606,8.91085E+11,54.3407826,-4.47106348
17401,8.91085E+11,54.14866563,-4.6873164
17402,8.91085E+11,54.13785082,-4.70915722
20109,8.91085E+11,54.14853427,-4.47406319
20130,8.91085E+11,54.164584,-4.405041
20131,8.91085E+11,54.16327,-4.487448
20132,8.91085E+11,54.161842,-4.489599
20133,8.91085E+11,54.158681,-4.492496
20135,8.91085E+11,54.155817,-4.496131
20136,8.91085E+11,54.155023,-4.499557
20137,8.91085E+11,54.155128,-4.4962
20138,8.91085E+11,54.15525,-4.493984
20139,8.91085E+11,54.155818,-4.492349
20163,8.91085E+11,54.14842032,-4.4809623
20165,8.91085E+11,54.16175,-4.48754
40001,8.91085E+11,54.147975,-4.486242
40002,8.91085E+11,54.126432,-4.538455
40003,8.91085E+11,54.118268,-4.584145
40004,8.91085E+11,54.096112,-4.6288
40005,8.91085E+11,54.088088,-4.642529
40006,8.91085E+11,54.078846,-4.648706
40007,8.91085E+11,54.091535,-4.674254
40008,8.91085E+11,54.094544,-4.704111
40009,8.91085E+11,54.091636,-4.721108
40010,8.91085E+11,54.080728,-4.743191
40011,8.91085E+11,54.084975,-4.757081
40021,8.91085E+11,54.084975,-4.757081
40022,8.91085E+11,54.080728,-4.743191
40023,8.91085E+11,54.091636,-4.721108
40024,8.91085E+11,54.094544,-4.704111
40025,8.91085E+11,54.091535,-4.674254
40026,8.91085E+11,54.078846,-4.648706
40027,8.91085E+11,54.088088,-4.642529
40028,8.91085E+11,54.096112,-4.6288
40029,8.91085E+11,54.118268,-4.584145
40030,8.91085E+11,54.126432,-4.538455
40031,8.91085E+11,54.147975,-4.486242
40101,8.91085E+11,54.153252,-4.493915
40102,8.91085E+11,54.176949,-4.467018
40103,8.91085E+11,54.216926,-4.68495
40104,8.91085E+11,54.075178,-4.661307
40105,8.91085E+11,54.320693,-4.392185
40106,8.91085E+11,54.151992,-4.503858
40121,8.91085E+11,54.163075,-4.48471
40124,8.91085E+11,54.2018,-4.640953
40125,8.91085E+11,54.221348,-4.683918
40126,8.91085E+11,54.180568,-4.461951
40127,8.91085E+11,54.154563,-4.529145
40128,8.91085E+11,54.312424,-4.544874
40129,8.91085E+11,54.169492,-4.635196
40130,8.91085E+11,54.358549,-4.517913
40131,8.91085E+11,54.143242,-4.51382
40132,8.91085E+11,54.176597,-4.555616
40133,8.91085E+11,54.085124,-4.743141
40134,8.91085E+11,54.078286,-4.740692
40135,8.91085E+11,54.155658,-4.518692
40136,8.91085E+11,54.155658,-4.518692
40137,8.91085E+11,54.319486,-4.490442
40138,8.91085E+11,54.16174816,-4.48748408
50001,8.91085E+11,54.1671,-4.4606
50002,8.91085E+11,54.1671,-4.4529
50003,8.91085E+11,54.1682,-4.4485
50004,8.91085E+11,54.1707,-4.445
50005,8.91085E+11,54.1709,-4.4424
50006,8.91085E+11,54.1701,-4.4374
50007,8.91085E+11,54.17,-4.4341
50008,8.91085E+11,54.1717,-4.4255
50009,8.91085E+11,54.1773,-4.4264
50010,8.91085E+11,54.1782,-4.4306
50011,8.91085E+11,54.1845,-4.4279
50012,8.91085E+11,54.1939,-4.4243
50013,8.91085E+11,54.1967,-4.4198
50014,8.91085E+11,54.1975,-4.4174
50015,8.91085E+11,54.2024,-4.4123
50016,8.91085E+11,54.207,-4.4102
50017,8.91085E+11,54.2074,-4.4068
50018,8.91085E+11,54.2134,-4.4058
50019,8.91085E+11,54.2211,-4.399
50020,8.91085E+11,54.2225,-4.3968
50021,8.91085E+11,54.2247,-4.3945
50022,8.91085E+11,54.2303,-4.4037
50023,8.91085E+11,54.2321,-4.4055
50024,8.91085E+11,54.2337,-4.406
50025,8.91085E+11,54.2296,-4.3951
50026,8.91085E+11,54.2281,-4.3887
50027,8.91085E+11,54.2314,-4.3782
50028,8.91085E+11,54.2416,-4.3733
50029,8.91085E+11,54.2498,-4.3769
50030,8.91085E+11,54.2516,-4.3753
50031,8.91085E+11,54.2542,-4.3722
50032,8.91085E+11,54.2558,-4.3716
50033,8.91085E+11,54.258,-4.3716
50034,8.91085E+11,54.2595,-4.3719
50035,8.91085E+11,54.2625,-4.3758
50036,8.91085E+11,54.2644,-4.3784
50037,8.91085E+11,54.267,-4.3774
50038,8.91085E+11,54.2687,-4.3765
50039,8.91085E+11,54.2702,-4.3759
50040,8.91085E+11,54.2716,-4.3752
50041,8.91085E+11,54.2741,-4.3751
50042,8.91085E+11,54.2776,-4.3734
50043,8.91085E+11,54.2793,-4.3695
50044,8.91085E+11,54.2804,-4.3649
50045,8.91085E+11,54.2832,-4.3572
50046,8.91085E+11,54.2809,-4.3528
50047,8.91085E+11,54.2783,-4.3458
50048,8.91085E+11,54.2799,-4.3394
50049,8.91085E+11,54.2825,-4.335
50050,8.91085E+11,54.2851,-4.3354
50051,8.91085E+11,54.2888,-4.3362
50052,8.91085E+11,54.2933,-4.3409
50053,8.91085E+11,54.2975,-4.3463
50054,8.91085E+11,54.3021,-4.3522
50055,8.91085E+11,54.3096,-4.3611
50056,8.91085E+11,54.3135,-4.3733
50057,8.91085E+11,54.3154,-4.3762
50058,8.91085E+11,54.3166,-4.3762
50059,8.91085E+11,54.3178,-4.3775
50060,8.91085E+11,54.32,-4.381
50101,8.91085E+11,54.32,-4.381
50102,8.91085E+11,54.3178,-4.3775
50103,8.91085E+11,54.3166,-4.3762
50104,8.91085E+11,54.3154,-4.3762
50105,8.91085E+11,54.3135,-4.3733
50106,8.91085E+11,54.3096,-4.3611
50107,8.91085E+11,54.3021,-4.3522
50108,8.91085E+11,54.2975,-4.3463
50109,8.91085E+11,54.2933,-4.3409
50110,8.91085E+11,54.2888,-4.3362
50111,8.91085E+11,54.2851,-4.3354
50112,8.91085E+11,54.2825,-4.335
50113,8.91085E+11,54.2799,-4.3394
50114,8.91085E+11,54.2783,-4.3458
50115,8.91085E+11,54.2809,-4.3528
50116,8.91085E+11,54.2832,-4.3572
50117,8.91085E+11,54.2804,-4.3649
50118,8.91085E+11,54.2793,-4.3695
50119,8.91085E+11,54.2776,-4.3734
50120,8.91085E+11,54.2741,-4.3751
50121,8.91085E+11,54.2716,-4.3752
50122,8.91085E+11,54.2702,-4.3759
50123,8.91085E+11,54.2687,-4.3765
50124,8.91085E+11,54.267,-4.3774
50125,8.91085E+11,54.2644,-4.3784
50126,8.91085E+11,54.2625,-4.3758
50127,8.91085E+11,54.2595,-4.3719
50128,8.91085E+11,54.258,-4.3716
50129,8.91085E+11,54.2558,-4.3716
50130,8.91085E+11,54.2542,-4.3722
50131,8.91085E+11,54.2516,-4.3753
50132,8.91085E+11,54.2498,-4.3769
50133,8.91085E+11,54.2416,-4.3733
50134,8.91085E+11,54.2314,-4.3782
50135,8.91085E+11,54.2281,-4.3887
50136,8.91085E+11,54.2296,-4.3951
50137,8.91085E+11,54.2337,-4.406
50138,8.91085E+11,54.2318,-4.4055
50139,8.91085E+11,54.2303,-4.4037
50140,8.91085E+11,54.2247,-4.3945
50141,8.91085E+11,54.2225,-4.3968
50142,8.91085E+11,54.2211,-4.399
50143,8.91085E+11,54.2134,-4.4058
50144,8.91085E+11,54.2074,-4.4068
50145,8.91085E+11,54.207,-4.4102
50146,8.91085E+11,54.2024,-4.4123
50147,8.91085E+11,54.1975,-4.4174
50148,8.91085E+11,54.1967,-4.4198
50149,8.91085E+11,54.1939,-4.4243
50150,8.91085E+11,54.1845,-4.4279
50151,8.91085E+11,54.1782,-4.4306
50152,8.91085E+11,54.1773,-4.4264
50153,8.91085E+11,54.1717,-4.4255
50154,8.91085E+11,54.17,-4.4341
50155,8.91085E+11,54.1701,-4.4374
50156,8.91085E+11,54.1709,-4.4424
50157,8.91085E+11,54.1707,-4.445
50158,8.91085E+11,54.1682,-4.4485
50159,8.91085E+11,54.1671,-4.4529
50160,8.91085E+11,54.1671,-4.4606
50171,8.91085E+11,54.251324,-4.46341
50172,8.91085E+11,54.262091,-4.462981
60001,8.91085E+11,54.1672,-4.460629
60002,8.91085E+11,54.166028,-4.465134
60003,8.91085E+11,54.164231,-4.468174
60004,8.91085E+11,54.162871,-4.470438
60005,8.91085E+11,54.160672,-4.473857
60006,8.91085E+11,54.158497,-4.475888
60007,8.91085E+11,,
60008,8.91085E+11,,
60009,8.91085E+11,,
60010,8.91085E+11,,
60021,8.91085E+11,,
60022,8.91085E+11,,
60023,8.91085E+11,,
60024,8.91085E+11,,
60025,8.91085E+11,,
60026,8.91085E+11,,
60027,8.91085E+11,54.160222,-4.474396
60028,8.91085E+11,54.162679,-4.470897
60029,8.91085E+11,54.164252,-4.468197
60030,8.91085E+11,54.166345,-4.464062
60031,8.91085E+11,54.1672,-4.460629
,SMR Mobitech,54.23354,-4.406397
,SMR Mobitech,54.232708,-4.40572
,SMR Mobitech,54.236958,-4.41054
,SMR Mobitech,54.241985,-4.417752
,SMR Mobitech,54.249828,-4.42941
,SMR Mobitech,54.249855,-4.429745
,SMR Mobitech,54.252045,-4.440122
,SMR Mobitech,54.251877,-4.438788
,SMR Mobitech,54.252277,-4.444402
,SMR Mobitech,54.253025,-4.448473
,SMR Mobitech,54.251934,-4.455435
,SMR Mobitech,54.251457,-4.45939
,SMR Mobitech,54.251274,-4.462153
,SMR Mobitech,54.251598,-4.464355
,SMR Mobitech,54.260502,-4.470168
,SMR Mobitech,54.261868,-4.469213
,SMR Mobitech,54.265839,-4.460595
,SMR Mobitech,54.265877,-4.460835
,SMR Mobitech,54.264072,-4.458285
,SMR Mobitech,54.243359,-4.419923
,SMR Mobitech,54.262489,-4.461401
,SMR Mobitech,54.262962,-4.459692
,SMR Mobitech,54.253265,-4.465812
,SMR Mobitech,54.251457,-4.45939
,SMR Mobitech,54.251598,-4.464355
01611,,54.157307,-4.520412